GC2459__contig_3_16|GH1A2
GC2484__contig_4_140|GH1A2
GC2540__contig_4_16|GH1A2
GC948__contig_3_74|GH1A2
GC2502__contig_4_89|GH1A2
GC2539__contig_1_29|GH1A2
GC87__contig_1_132|GH1A2
GC88__contig_1_2143|GH1A2
GC89__contig_1_361|GH1A2
GC90__contig_1_146|GH1A2
GC91__contig_2_34|GH1A2
GC92__contig_5_15|GH1A2
GC93__contig_1_1025|GH1A2
GC94__contig_2_187|GH1A2
GC95__contig_3_187|GH1A2
GC2670__contig_2_300|GH1A2
GC3176__contig_4_22|GH1A2
GC3180__contig_1_104|GH1A2
GC3181__contig_1_617|GH1A2
GC3197__contig_1_109|GH1A2
GC3198__contig_2_146|GH1A2
GC2671__contig_1_585|GH1A2
GC3173__contig_3_97|GH1A2
GC2686__contig_1_558|GH1A1
GC2502__contig_2_164|GH1B
GC96__contig_1_439|GH1B
GC3180__contig_6_51|GH1B
GC3181__contig_7_51|GH1B
GC3197__contig_13_5|GH1B
GC3198__contig_24_5|GH1B
GC612__contig_6_5|GH1B
GC641__contig_5_5|GH1B
GC733__contig_6_49|GH1B
GC735__contig_7_49|GH1B
GC736__contig_7_5|GH1B
GC737__contig_5_5|GH1B
GC749__contig_6_49|GH1B
GC808__contig_8_5|GH1B
GC809__contig_8_49|GH1B
GC810__contig_7_5|GH1B
GC814__contig_8_5|GH1B
GC815__contig_8_5|GH1B
GC816__contig_8_5|GH1B
GC817__contig_8_49|GH1B
GC819__contig_8_49|GH1B
GC821__contig_8_49|GH1B
GC583__contig_15_11|GH1B
GC586__contig_8_56|GH1B
GC607__contig_14_5|GH1B
GC632__contig_14_11|GH1B
GC669__contig_8_5|GH1B
GC609__contig_11_48|GH1B
GC622__contig_10_5|GH1B
GC657__contig_10_47|GH1B
GC659__contig_9_49|GH1B
GC663__contig_8_5|GH1B
GC666__contig_10_48|GH1B
GC725__contig_13_11|GH1B
GC854__contig_7_48|GH1B
GC855__contig_7_5|GH1B
GC857__contig_7_40|GH1B
GC859__contig_7_5|GH1B
GC863__contig_7_5|GH1B
GC2671__contig_4_57|GH1B
GC3173__contig_8_45|GH1B
GC3176__contig_10_45|GH1B
GC2397__contig_5_18|GH1C
GC2403__contig_6_18|GH1C
GC2408__contig_5_18|GH1C
GC2470__contig_5_18|GH1C
GC2475__contig_3_130|GH1C
GC2491__contig_1_274|GH1C
GC2492__contig_6_18|GH1C
GC2503__contig_2_18|GH1C
GC2523__contig_1_261|GH1C
GC2524__contig_1_18|GH1C
GC2454__contig_94_2|GH2A3
GC96__contig_1_613|GH2F
AM1522__contig_20_20|GH2G
GC2454__contig_32_1|GH2H
GC87__contig_1_799|GH2E
GC88__contig_1_1475|GH2E
GC89__contig_1_1054|GH2E
GC90__contig_1_874|GH2E
GC91__contig_1_703|GH2E
GC92__contig_1_215|GH2E
GC93__contig_1_358|GH2E
GC94__contig_2_855|GH2E
GC95__contig_2_341|GH2E
GC948__contig_5_29|GH2E
GC2454__contig_100_1|GH2I
GC2397__contig_2_103|GH2J
GC2403__contig_4_103|GH2J
GC2408__contig_23_1|GH2J
GC2470__contig_6_1|GH2J
GC2475__contig_5_90|GH2J
GC2491__contig_20_1|GH2J
GC2492__contig_7_89|GH2J
GC2503__contig_3_1|GH2J
GC2523__contig_5_90|GH2J
GC2524__contig_2_200|GH2J
GC1100__contig_8_4|GH2C
GC2505__contig_5_39|GH2C
GC2512__contig_5_27|GH2C
GC1061__contig_9_48|GH2C
GC914__contig_6_49|GH2C
GC941__contig_6_49|GH2C
GC2502__contig_11_41|GH2C
GC2539__contig_10_29|GH2C
GC948__contig_5_37|GH2C
GC819__contig_7_18|GH2C
GC821__contig_7_18|GH2C
GC583__contig_9_18|GH2C
GC586__contig_9_39|GH2C
GC607__contig_9_18|GH2C
GC632__contig_9_18|GH2C
GC669__contig_9_18|GH2C
GC609__contig_9_18|GH2C
GC622__contig_9_40|GH2C
GC657__contig_9_18|GH2C
GC659__contig_8_18|GH2C
GC663__contig_9_39|GH2C
GC666__contig_9_18|GH2C
GC725__contig_8_18|GH2C
GC854__contig_6_38|GH2C
GC855__contig_6_40|GH2C
GC857__contig_5_18|GH2C
GC859__contig_6_18|GH2C
GC863__contig_6_39|GH2C
GC2517__contig_9_38|GH2C
GC2529__contig_7_18|GH2C
GC2538__contig_9_37|GH2C
GC2540__contig_7_38|GH2C
GC2670__contig_8_40|GH2C
GC2671__contig_5_17|GH2C
GC2686__contig_6_44|GH2C
GC2688__contig_7_39|GH2C
GC3173__contig_7_17|GH2C
GC3176__contig_7_41|GH2C
GC3180__contig_5_18|GH2C
GC3181__contig_6_41|GH2C
GC3197__contig_11_18|GH2C
GC3198__contig_8_41|GH2C
GC612__contig_5_18|GH2C
GC641__contig_4_41|GH2C
GC733__contig_5_40|GH2C
GC735__contig_6_18|GH2C
GC736__contig_6_18|GH2C
GC737__contig_4_18|GH2C
GC749__contig_5_18|GH2C
GC808__contig_7_40|GH2C
GC809__contig_7_40|GH2C
GC810__contig_6_40|GH2C
GC814__contig_7_18|GH2C
GC815__contig_7_18|GH2C
GC816__contig_7_40|GH2C
GC817__contig_7_40|GH2C
GC2286__contig_7_37|GH2C
GC2459__contig_8_38|GH2C
GC2484__contig_7_19|GH2C
GC641__contig_5_40|GH2A1
GC1100__contig_8_43|GH2D2
GC948__contig_5_116|GH2D2
GC1061__contig_9_8|GH2D2
GC914__contig_6_9|GH2D2
GC941__contig_6_9|GH2D2
GC948__contig_1_217|GH2D2
GC87__contig_1_2297|GH2D1
GC88__contig_1_2492|GH2D1
GC89__contig_1_7|GH2D1
GC90__contig_1_2348|GH2D1
GC91__contig_4_50|GH2D1
GC92__contig_7_112|GH2D1
GC93__contig_1_1375|GH2D1
GC94__contig_1_165|GH2D1
GC95__contig_1_1141|GH2D1
GC948__contig_2_455|GH2D1
GC87__contig_1_138|GH2B1
GC87__contig_1_2245|GH2B1
GC88__contig_1_2137|GH2B1
GC88__contig_1_30|GH2B1
GC89__contig_1_367|GH2B1
GC89__contig_2_165|GH2B1
GC90__contig_1_152|GH2B1
GC91__contig_2_28|GH2B1
GC92__contig_5_21|GH2B1
GC93__contig_1_1019|GH2B1
GC93__contig_2_30|GH2B1
GC94__contig_1_216|GH2B1
GC94__contig_2_193|GH2B1
GC95__contig_1_1091|GH2B1
GC95__contig_3_193|GH2B1
GC87__contig_1_1770|GH2B2
GC88__contig_1_504|GH2B2
GC89__contig_1_2025|GH2B2
GC90__contig_1_1791|GH2B2
GC91__contig_3_330|GH2B2
GC92__contig_2_253|GH2B2
GC93__contig_2_503|GH2B2
GC94__contig_1_689|GH2B2
GC95__contig_1_615|GH2B2
GC2502__contig_4_85|GH2B2
GC2539__contig_1_33|GH2B2
GC2671__contig_1_581|GH2B2
GC2686__contig_1_554|GH2B2
GC3173__contig_3_101|GH2B2
GC3176__contig_4_18|GH2B2
GC3180__contig_1_108|GH2B2
GC3181__contig_1_613|GH2B2
GC3197__contig_1_105|GH2B2
GC3198__contig_2_142|GH2B2
GC948__contig_3_69|GH2B2
GC1100__contig_11_6|GH2K
GC1061__contig_13_10|GH2K
GC817__contig_8_14|GH2A5
GC819__contig_8_14|GH2A5
GC821__contig_8_14|GH2A5
GC583__contig_13_23|GH2A5
GC586__contig_8_14|GH2A5
GC607__contig_16_14|GH2A5
GC632__contig_12_14|GH2A5
GC669__contig_8_47|GH2A5
GC609__contig_11_14|GH2A5
GC622__contig_10_39|GH2A5
GC657__contig_10_13|GH2A5
GC659__contig_9_14|GH2A5
GC663__contig_8_47|GH2A5
GC666__contig_10_14|GH2A5
GC725__contig_11_23|GH2A5
GC854__contig_7_14|GH2A5
GC855__contig_7_39|GH2A5
GC857__contig_7_14|GH2A5
GC859__contig_7_39|GH2A5
GC863__contig_7_39|GH2A5
GC2540__contig_9_39|GH2A5
GC2670__contig_9_32|GH2A5
GC2671__contig_4_21|GH2A5
GC2686__contig_8_21|GH2A5
GC3173__contig_8_13|GH2A5
GC3176__contig_10_14|GH2A5
GC3180__contig_6_14|GH2A5
GC3181__contig_7_14|GH2A5
GC3197__contig_13_36|GH2A5
GC3198__contig_20_14|GH2A5
GC612__contig_6_40|GH2A5
GC733__contig_6_14|GH2A5
GC735__contig_7_14|GH2A5
GC736__contig_7_40|GH2A5
GC737__contig_5_40|GH2A5
GC749__contig_6_14|GH2A5
GC808__contig_8_40|GH2A5
GC809__contig_8_14|GH2A5
GC810__contig_7_40|GH2A5
GC814__contig_8_40|GH2A5
GC815__contig_8_40|GH2A5
GC816__contig_8_40|GH2A5
GC2459__contig_17_5|GH2A5
GC2484__contig_8_31|GH2A5
GC948__contig_1_425|GH2A5
GC96__contig_1_146|GH2A5
GC96__contig_1_544|GH2A5
GC2517__contig_10_40|GH2A5
GC2529__contig_8_40|GH2A5
GC2538__contig_10_15|GH2A5
GC2688__contig_8_35|GH2A5
GC2286__contig_8_15|GH2A5
GC87__contig_1_1719|GH2A5
GC88__contig_1_555|GH2A5
GC89__contig_1_1974|GH2A5
GC90__contig_1_1735|GH2A5
GC91__contig_5_40|GH2A5
GC92__contig_2_307|GH2A5
GC93__contig_2_554|GH2A5
GC94__contig_1_740|GH2A5
GC95__contig_1_564|GH2A5
GC2454__contig_40_3|GH2A5
GC2397__contig_3_87|GH2A5
GC2403__contig_12_43|GH2A5
GC2408__contig_10_42|GH2A5
GC2470__contig_11_52|GH2A5
GC2475__contig_12_43|GH2A5
GC2491__contig_11_43|GH2A5
GC2492__contig_11_52|GH2A5
GC2503__contig_24_3|GH2A5
GC2523__contig_12_43|GH2A5
GC2524__contig_11_43|GH2A5
GC87__contig_1_148|GH2A5
GC88__contig_1_2127|GH2A5
GC89__contig_1_377|GH2A5
GC90__contig_1_163|GH2A5
GC91__contig_2_17|GH2A5
GC92__contig_5_32|GH2A5
GC93__contig_1_1009|GH2A5
GC94__contig_2_203|GH2A5
GC95__contig_3_203|GH2A5
GC87__contig_1_1935|GH2A5
GC88__contig_1_339|GH2A5
GC89__contig_1_2190|GH2A5
GC90__contig_1_1971|GH2A5
GC91__contig_3_150|GH2A5
GC92__contig_2_73|GH2A5
GC93__contig_2_338|GH2A5
GC94__contig_1_524|GH2A5
GC95__contig_1_780|GH2A5
GC2397__contig_11_28|GH2A5
GC2403__contig_14_47|GH2A5
GC2408__contig_12_47|GH2A5
GC2470__contig_18_8|GH2A5
GC2475__contig_14_47|GH2A5
GC2491__contig_12_47|GH2A5
GC2492__contig_12_28|GH2A5
GC2503__contig_7_47|GH2A5
GC2523__contig_26_8|GH2A5
GC2524__contig_24_11|GH2A5
GC817__contig_8_44|GH2A5
GC819__contig_8_44|GH2A5
GC821__contig_8_44|GH2A5
GC1100__contig_9_20|GH2A5
GC2505__contig_6_24|GH2A5
GC2512__contig_8_6|GH2A5
GC583__contig_15_6|GH2A5
GC586__contig_8_51|GH2A5
GC607__contig_14_10|GH2A5
GC632__contig_14_6|GH2A5
GC669__contig_8_10|GH2A5
GC1061__contig_10_20|GH2A5
GC914__contig_8_20|GH2A5
GC941__contig_8_20|GH2A5
GC2502__contig_15_1|GH2A5
GC2539__contig_19_1|GH2A5
GC609__contig_11_43|GH2A5
GC622__contig_10_10|GH2A5
GC657__contig_10_42|GH2A5
GC659__contig_9_44|GH2A5
GC663__contig_8_10|GH2A5
GC666__contig_10_43|GH2A5
GC725__contig_13_6|GH2A5
GC854__contig_7_43|GH2A5
GC855__contig_7_10|GH2A5
GC859__contig_7_10|GH2A5
GC863__contig_7_10|GH2A5
GC133__contig_3_20|GH2A5
GC134__contig_8_20|GH2A5
GC2454__contig_56_1|GH2A5
GC2463__contig_9_89|GH2A5
GC2474__contig_5_1|GH2A5
GC2477__contig_4_184|GH2A5
GC2479__contig_13_60|GH2A5
GC2494__contig_137_1|GH2A5
GC2496__contig_4_203|GH2A5
GC2504__contig_2_1|GH2A5
GC2508__contig_5_145|GH2A5
GC2510__contig_10_1|GH2A5
GC2516__contig_1_575|GH2A5
GC2527__contig_14_1|GH2A5
GC2528__contig_12_1|GH2A5
GC3184__contig_10_18|GH2A5
GC3191__contig_10_18|GH2A5
GC328__contig_8_20|GH2A5
GC398__contig_14_1|GH2A5
GC399__contig_4_19|GH2A5
GC400__contig_4_19|GH2A5
GC462__contig_4_189|GH2A5
GC681__contig_4_19|GH2A5
GC710__contig_4_189|GH2A5
GC751__contig_4_3|GH2A5
GC783__contig_4_3|GH2A5
GC798__contig_17_38|GH2A5
GC899__contig_16_21|GH2A5
GC900__contig_5_20|GH2A5
GC944__contig_8_92|GH2A5
AM1328__contig_31_18|GH2A5
AM1493__contig_1_1|GH2A5
AM1522__contig_24_1|GH2A5
SP351__contig_23_1|GH2A5
GC2529__contig_8_17|GH2A5
GC2538__contig_10_38|GH2A5
GC2540__contig_9_16|GH2A5
GC2670__contig_9_14|GH2A5
GC2671__contig_4_52|GH2A5
GC2686__contig_8_39|GH2A5
GC2688__contig_8_7|GH2A5
GC3173__contig_8_39|GH2A5
GC3176__contig_10_39|GH2A5
GC3180__contig_6_46|GH2A5
GC3181__contig_7_46|GH2A5
GC3197__contig_13_11|GH2A5
GC3198__contig_24_11|GH2A5
GC612__contig_6_10|GH2A5
GC641__contig_5_11|GH2A5
GC733__contig_6_44|GH2A5
GC735__contig_7_44|GH2A5
GC736__contig_7_10|GH2A5
GC737__contig_5_10|GH2A5
GC749__contig_6_44|GH2A5
GC808__contig_8_10|GH2A5
GC809__contig_8_44|GH2A5
GC810__contig_7_10|GH2A5
GC814__contig_8_10|GH2A5
GC815__contig_8_10|GH2A5
GC816__contig_8_10|GH2A5
GC2286__contig_8_38|GH2A5
GC2459__contig_14_16|GH2A5
GC2484__contig_8_8|GH2A5
GC2517__contig_10_17|GH2A5
GC3184__contig_4_5|GH2A2
GC3191__contig_4_3|GH2A2
GC398__contig_3_172|GH2A2
GC399__contig_3_172|GH2A2
GC400__contig_3_172|GH2A2
GC462__contig_3_172|GH2A2
GC681__contig_3_172|GH2A2
GC710__contig_3_172|GH2A2
GC798__contig_14_2|GH2A2
GC899__contig_1_173|GH2A2
GC900__contig_1_38|GH2A2
GC944__contig_1_146|GH2A2
AM1328__contig_33_6|GH2A2
GC2494__contig_123_3|GH2A2
GC133__contig_2_169|GH2A2
GC134__contig_2_139|GH2A2
GC2454__contig_2_3|GH2A2
GC2463__contig_1_11|GH2A2
GC2474__contig_3_5|GH2A2
GC2477__contig_3_32|GH2A2
GC2479__contig_11_41|GH2A2
GC2496__contig_1_75|GH2A2
GC2504__contig_3_258|GH2A2
GC2508__contig_2_212|GH2A2
GC2510__contig_1_170|GH2A2
GC2516__contig_2_212|GH2A2
GC2527__contig_3_75|GH2A2
GC2528__contig_1_30|GH2A2
GC328__contig_2_139|GH2A2
AM1493__contig_13_61|GH2A2
SP351__contig_9_58|GH2A2
GC641__contig_5_43|GH2A4
GC87__contig_1_2493|GH3A8
GC88__contig_1_2295|GH3A8
GC89__contig_1_209|GH3A8
GC90__contig_1_2556|GH3A8
GC91__contig_2_200|GH3A8
GC92__contig_4_149|GH3A8
GC93__contig_1_1176|GH3A8
GC94__contig_2_35|GH3A8
GC95__contig_3_35|GH3A8
GC948__contig_2_457|GH3A8
GC948__contig_8_9|GH3A8
GC948__contig_5_118|GH3A8
GC2477__contig_3_6|GH3A8
GC751__contig_1_145|GH3A8
GC783__contig_1_72|GH3A8
GC735__contig_3_24|GH3B1
GC736__contig_3_367|GH3B1
GC737__contig_1_693|GH3B1
GC749__contig_3_27|GH3B1
GC808__contig_5_93|GH3B1
GC809__contig_6_27|GH3B1
GC810__contig_3_367|GH3B1
GC814__contig_6_46|GH3B1
GC815__contig_1_694|GH3B1
GC816__contig_6_24|GH3B1
GC817__contig_6_46|GH3B1
GC819__contig_6_27|GH3B1
GC821__contig_6_28|GH3B1
GC583__contig_1_516|GH3B1
GC586__contig_1_513|GH3B1
GC607__contig_1_302|GH3B1
GC632__contig_1_300|GH3B1
GC669__contig_1_513|GH3B1
GC609__contig_1_517|GH3B1
GC622__contig_1_90|GH3B1
GC657__contig_1_90|GH3B1
GC659__contig_1_516|GH3B1
GC663__contig_1_264|GH3B1
GC666__contig_1_516|GH3B1
GC725__contig_1_517|GH3B1
GC2484__contig_1_134|GH3B1
GC2517__contig_2_57|GH3B1
GC2529__contig_1_400|GH3B1
GC2540__contig_6_87|GH3B1
GC2670__contig_3_214|GH3B1
GC2671__contig_8_15|GH3B1
GC2686__contig_10_15|GH3B1
GC2688__contig_1_520|GH3B1
GC3173__contig_1_527|GH3B1
GC3176__contig_3_248|GH3B1
GC3180__contig_8_15|GH3B1
GC3181__contig_3_28|GH3B1
GC3197__contig_15_15|GH3B1
GC3198__contig_18_15|GH3B1
GC612__contig_1_741|GH3B1
GC641__contig_1_800|GH3B1
GC733__contig_2_369|GH3B1
GC2286__contig_1_494|GH3B1
GC2459__contig_6_15|GH3B1
GC1100__contig_1_31|GH3B1
GC2505__contig_2_652|GH3B1
GC2512__contig_1_506|GH3B1
GC1061__contig_1_31|GH3B1
GC914__contig_1_606|GH3B1
GC941__contig_1_606|GH3B1
GC87__contig_1_1578|GH3B1
GC88__contig_1_697|GH3B1
GC89__contig_1_1832|GH3B1
GC90__contig_1_1597|GH3B1
GC91__contig_1_35|GH3B1
GC92__contig_2_444|GH3B1
GC93__contig_2_696|GH3B1
GC94__contig_1_882|GH3B1
GC95__contig_1_422|GH3B1
GC2454__contig_10_5|GH3B1
GC2463__contig_11_55|GH3B1
GC2474__contig_10_59|GH3B1
GC2479__contig_6_14|GH3B1
GC2494__contig_1_21|GH3B1
GC2496__contig_4_148|GH3B1
GC2504__contig_4_55|GH3B1
GC2508__contig_12_59|GH3B1
GC2510__contig_3_152|GH3B1
GC2516__contig_1_634|GH3B1
GC2527__contig_1_152|GH3B1
GC2528__contig_4_59|GH3B1
GC398__contig_4_137|GH3B1
GC399__contig_4_70|GH3B1
GC400__contig_4_70|GH3B1
GC462__contig_4_138|GH3B1
GC681__contig_4_70|GH3B1
GC710__contig_4_138|GH3B1
GC798__contig_4_48|GH3B1
GC899__contig_5_97|GH3B1
GC944__contig_14_17|GH3B1
AM1522__contig_5_63|GH3B1
GC2397__contig_8_16|GH3B1
GC2403__contig_8_60|GH3B1
GC2408__contig_6_67|GH3B1
GC2470__contig_8_16|GH3B1
GC2475__contig_8_16|GH3B1
GC2491__contig_7_67|GH3B1
GC2492__contig_9_16|GH3B1
GC2503__contig_6_16|GH3B1
GC2523__contig_7_16|GH3B1
GC2524__contig_7_16|GH3B1
GC133__contig_3_141|GH3B1
GC134__contig_6_11|GH3B1
GC2477__contig_8_16|GH3B1
GC3184__contig_2_211|GH3B1
GC3191__contig_3_211|GH3B1
GC328__contig_6_119|GH3B1
GC751__contig_4_149|GH3B1
GC783__contig_4_149|GH3B1
GC900__contig_5_73|GH3B1
AM1328__contig_2_71|GH3B1
AM1493__contig_7_51|GH3B1
SP351__contig_10_50|GH3B1
GC2502__contig_2_210|GH3B1
GC2539__contig_11_60|GH3B1
GC87__contig_1_784|GH3A2
GC88__contig_1_1490|GH3A2
GC89__contig_1_1039|GH3A2
GC93__contig_1_373|GH3A2
GC94__contig_2_840|GH3A2
GC95__contig_2_356|GH3A2
GC90__contig_1_858|GH3A3
GC91__contig_1_719|GH3A3
GC92__contig_1_231|GH3A3
GC2454__contig_2_14|GH3A3
GC2463__contig_1_22|GH3A3
GC2474__contig_3_16|GH3A3
GC2477__contig_3_43|GH3A3
GC2479__contig_11_30|GH3A3
GC2494__contig_69_1|GH3A3
GC2496__contig_1_86|GH3A3
GC2504__contig_3_247|GH3A3
GC2508__contig_2_201|GH3A3
GC2510__contig_1_181|GH3A3
GC2516__contig_2_201|GH3A3
GC2527__contig_3_86|GH3A3
GC2528__contig_1_41|GH3A3
GC735__contig_1_199|GH3A3
GC736__contig_1_199|GH3A3
GC737__contig_1_463|GH3A3
GC749__contig_1_199|GH3A3
GC808__contig_1_199|GH3A3
GC809__contig_1_199|GH3A3
GC810__contig_1_463|GH3A3
GC814__contig_1_199|GH3A3
GC815__contig_1_463|GH3A3
GC816__contig_1_463|GH3A3
GC817__contig_1_199|GH3A3
GC819__contig_1_199|GH3A3
GC821__contig_1_199|GH3A3
GC583__contig_1_281|GH3A3
GC586__contig_1_277|GH3A3
GC632__contig_1_534|GH3A3
GC669__contig_1_277|GH3A3
GC609__contig_1_282|GH3A3
GC622__contig_1_325|GH3A3
GC657__contig_1_324|GH3A3
GC659__contig_1_282|GH3A3
GC663__contig_1_500|GH3A3
GC666__contig_1_281|GH3A3
GC725__contig_1_281|GH3A3
GC2671__contig_1_222|GH3A3
GC733__contig_1_199|GH3A3
GC1100__contig_3_153|GH3A3
GC1061__contig_3_155|GH3A3
GC1100__contig_8_46|GH3A3
GC1061__contig_9_5|GH3A3
GC914__contig_6_6|GH3A3
GC941__contig_6_6|GH3A3
GC1100__contig_3_154|GH3A3
GC1061__contig_3_156|GH3A3
GC1100__contig_8_45|GH3A6
GC1061__contig_9_6|GH3A6
GC914__contig_6_7|GH3A6
GC941__contig_6_7|GH3A6
GC87__contig_1_724|GH3A6
GC88__contig_1_1550|GH3A6
GC89__contig_1_979|GH3A6
GC93__contig_1_433|GH3A6
GC94__contig_2_780|GH3A6
GC95__contig_2_416|GH3A6
GC88__contig_1_2402|GH3E
GC89__contig_1_96|GH3E
GC90__contig_1_2450|GH3E
GC91__contig_2_306|GH3E
GC92__contig_4_255|GH3E
GC93__contig_1_1285|GH3E
GC94__contig_1_75|GH3E
GC95__contig_1_1230|GH3E
GC87__contig_1_2386|GH3E
GC948__contig_1_216|GH3A4
GC87__contig_1_1945|GH3A4
GC88__contig_1_329|GH3A4
GC89__contig_1_2200|GH3A4
GC90__contig_1_1980|GH3A4
GC91__contig_3_141|GH3A4
GC92__contig_2_64|GH3A4
GC93__contig_2_328|GH3A4
GC94__contig_1_514|GH3A4
GC95__contig_1_790|GH3A4
AM1328__contig_18_10|GH3A4
GC96__contig_1_637|GH3A4
GC133__contig_2_178|GH3A4
GC134__contig_2_130|GH3A4
GC328__contig_2_130|GH3A4
GC398__contig_3_189|GH3A4
GC399__contig_3_189|GH3A4
GC400__contig_3_189|GH3A4
GC462__contig_3_189|GH3A4
GC681__contig_3_189|GH3A4
GC710__contig_3_189|GH3A4
GC798__contig_24_12|GH3A4
GC899__contig_1_190|GH3A4
GC900__contig_1_21|GH3A4
SP351__contig_9_69|GH3A4
GC948__contig_5_66|GH3A4
GC2688__contig_1_279|GH3A4
GC948__contig_2_469|GH3A4
GC1100__contig_7_41|GH3A4
GC2505__contig_2_28|GH3A4
GC2512__contig_2_453|GH3A4
GC948__contig_1_440|GH3A4
GC1061__contig_8_41|GH3A4
GC914__contig_1_42|GH3A4
GC941__contig_1_42|GH3A4
GC2539__contig_9_45|GH3A4
GC3173__contig_3_1|GH3A4
GC2502__contig_12_20|GH3A4
GC733__contig_8_42|GH3A4
GC735__contig_2_332|GH3A4
GC736__contig_2_42|GH3A4
GC737__contig_2_331|GH3A4
GC749__contig_2_331|GH3A4
GC808__contig_2_332|GH3A4
GC809__contig_2_42|GH3A4
GC810__contig_2_331|GH3A4
GC814__contig_2_42|GH3A4
GC815__contig_2_42|GH3A4
GC816__contig_2_330|GH3A4
GC817__contig_2_42|GH3A4
GC819__contig_2_332|GH3A4
GC821__contig_2_42|GH3A4
GC583__contig_4_42|GH3A4
GC586__contig_7_42|GH3A4
GC607__contig_5_42|GH3A4
GC632__contig_2_42|GH3A4
GC669__contig_7_42|GH3A4
GC609__contig_10_41|GH3A4
GC622__contig_2_42|GH3A4
GC657__contig_2_42|GH3A4
GC659__contig_2_41|GH3A4
GC663__contig_7_20|GH3A4
GC666__contig_2_225|GH3A4
GC725__contig_2_42|GH3A4
GC854__contig_1_635|GH3A4
GC855__contig_5_41|GH3A4
GC857__contig_4_41|GH3A4
GC859__contig_5_23|GH3A4
GC863__contig_5_23|GH3A4
GC2484__contig_16_4|GH3A4
GC2517__contig_11_32|GH3A4
GC2538__contig_1_5|GH3A4
GC2540__contig_14_4|GH3A4
GC2670__contig_10_41|GH3A4
GC2671__contig_7_4|GH3A4
GC2686__contig_9_4|GH3A4
GC2688__contig_9_4|GH3A4
GC3173__contig_11_32|GH3A4
GC3176__contig_9_4|GH3A4
GC3180__contig_7_49|GH3A4
GC3181__contig_8_4|GH3A4
GC3197__contig_12_49|GH3A4
GC3198__contig_9_4|GH3A4
GC612__contig_1_44|GH3A4
GC641__contig_1_44|GH3A4
GC2286__contig_2_418|GH3A4
GC2459__contig_18_4|GH3A4
GC2463__contig_13_2|GH3D
GC2477__contig_2_314|GH3D
GC398__contig_10_47|GH3D
GC399__contig_10_47|GH3D
GC400__contig_10_47|GH3D
GC462__contig_10_47|GH3D
GC681__contig_10_47|GH3D
GC710__contig_10_15|GH3D
GC751__contig_16_45|GH3D
GC783__contig_16_45|GH3D
AM1328__contig_5_56|GH3D
SP351__contig_3_43|GH3D
GC90__contig_1_1822|GH3D
GC91__contig_3_299|GH3D
GC92__contig_2_222|GH3D
GC2454__contig_12_51|GH3D
GC2474__contig_11_51|GH3D
GC2508__contig_1_51|GH3D
GC2516__contig_11_51|GH3D
GC87__contig_1_1800|GH3D
GC88__contig_1_474|GH3D
GC89__contig_1_2055|GH3D
GC93__contig_2_473|GH3D
GC94__contig_1_659|GH3D
GC95__contig_1_645|GH3D
GC583__contig_4_36|GH3C
GC586__contig_7_36|GH3C
GC607__contig_5_36|GH3C
GC632__contig_2_36|GH3C
GC669__contig_7_36|GH3C
GC609__contig_10_35|GH3C
GC622__contig_2_36|GH3C
GC657__contig_2_36|GH3C
GC659__contig_2_35|GH3C
GC663__contig_7_26|GH3C
GC666__contig_2_231|GH3C
GC725__contig_2_36|GH3C
GC854__contig_1_642|GH3C
GC855__contig_5_34|GH3C
GC857__contig_4_34|GH3C
GC859__contig_5_30|GH3C
GC863__contig_5_30|GH3C
GC2484__contig_11_34|GH3C
GC2517__contig_11_26|GH3C
GC2529__contig_9_1|GH3C
GC2538__contig_11_1|GH3C
GC2540__contig_12_1|GH3C
GC2671__contig_7_12|GH3C
GC3173__contig_11_24|GH3C
GC3176__contig_9_12|GH3C
GC3180__contig_7_41|GH3C
GC3181__contig_8_12|GH3C
GC3197__contig_12_41|GH3C
GC3198__contig_9_12|GH3C
GC612__contig_1_37|GH3C
GC641__contig_1_37|GH3C
GC2286__contig_9_26|GH3C
GC2459__contig_13_34|GH3C
GC133__contig_2_189|GH3C
GC134__contig_2_119|GH3C
GC2454__contig_2_19|GH3C
GC2463__contig_1_27|GH3C
GC2474__contig_3_21|GH3C
GC2477__contig_3_48|GH3C
GC2479__contig_11_25|GH3C
GC2494__contig_103_4|GH3C
GC2496__contig_1_91|GH3C
GC2504__contig_3_242|GH3C
GC2508__contig_2_196|GH3C
GC2510__contig_1_186|GH3C
GC2516__contig_2_196|GH3C
GC2527__contig_3_91|GH3C
GC2528__contig_1_46|GH3C
GC328__contig_2_119|GH3C
GC398__contig_3_200|GH3C
GC399__contig_3_200|GH3C
GC400__contig_3_200|GH3C
GC462__contig_3_200|GH3C
GC681__contig_3_200|GH3C
GC710__contig_3_200|GH3C
GC798__contig_1_212|GH3C
GC899__contig_2_2|GH3C
GC900__contig_3_2|GH3C
AM1328__contig_18_21|GH3C
SP351__contig_9_80|GH3C
GC735__contig_2_338|GH3C
GC736__contig_2_36|GH3C
GC737__contig_2_337|GH3C
GC749__contig_2_337|GH3C
GC808__contig_2_338|GH3C
GC809__contig_2_36|GH3C
GC810__contig_2_337|GH3C
GC814__contig_2_36|GH3C
GC815__contig_2_36|GH3C
GC816__contig_2_336|GH3C
GC817__contig_2_36|GH3C
GC819__contig_2_338|GH3C
GC821__contig_2_36|GH3C
GC733__contig_8_36|GH3C
GC96__contig_1_622|GH3C
GC948__contig_1_453|GH3C
GC87__contig_1_1950|GH3C
GC88__contig_1_324|GH3C
GC89__contig_1_2205|GH3C
GC90__contig_1_1985|GH3C
GC91__contig_3_136|GH3C
GC92__contig_2_59|GH3C
GC93__contig_2_323|GH3C
GC94__contig_1_509|GH3C
GC95__contig_1_795|GH3C
GC3184__contig_4_19|GH3C
GC3191__contig_4_17|GH3C
GC751__contig_1_183|GH3C
GC783__contig_1_34|GH3C
GC944__contig_1_126|GH3C
AM1493__contig_13_50|GH3C
GC1100__contig_7_37|GH3C
GC2505__contig_2_25|GH3C
GC2512__contig_2_459|GH3C
GC1061__contig_8_37|GH3C
GC914__contig_1_38|GH3C
GC941__contig_1_38|GH3C
GC2502__contig_12_28|GH3C
GC2539__contig_9_42|GH3C
GC2670__contig_10_37|GH3C
GC2686__contig_9_8|GH3C
GC2688__contig_9_8|GH3C
GC948__contig_3_216|GH3A5
GC948__contig_1_218|GH3A5
GC1100__contig_9_13|GH3A5
GC2505__contig_6_17|GH3A5
GC2512__contig_8_13|GH3A5
GC948__contig_10_35|GH3A5
GC1061__contig_10_13|GH3A5
GC914__contig_8_13|GH3A5
GC941__contig_8_13|GH3A5
GC2502__contig_15_8|GH3A5
GC2539__contig_19_8|GH3A5
GC87__contig_1_2489|GH3A5
GC88__contig_1_2299|GH3A5
GC89__contig_1_205|GH3A5
GC90__contig_1_2552|GH3A5
GC91__contig_2_204|GH3A5
GC92__contig_4_153|GH3A5
GC93__contig_1_1180|GH3A5
GC94__contig_2_31|GH3A5
GC95__contig_3_31|GH3A5
GC96__contig_1_178|GH3A5
GC2477__contig_1_32|GH3A5
GC751__contig_19_3|GH3A5
GC783__contig_19_39|GH3A5
GC900__contig_15_32|GH3A5
GC735__contig_7_36|GH3A5
GC736__contig_7_18|GH3A5
GC737__contig_5_18|GH3A5
GC749__contig_6_36|GH3A5
GC808__contig_8_18|GH3A5
GC809__contig_8_36|GH3A5
GC810__contig_7_18|GH3A5
GC814__contig_8_18|GH3A5
GC815__contig_8_18|GH3A5
GC816__contig_8_18|GH3A5
GC817__contig_8_36|GH3A5
GC819__contig_8_36|GH3A5
GC821__contig_8_36|GH3A5
GC583__contig_13_2|GH3A5
GC586__contig_8_35|GH3A5
GC607__contig_14_19|GH3A5
GC632__contig_12_35|GH3A5
GC669__contig_8_26|GH3A5
GC609__contig_11_35|GH3A5
GC622__contig_10_18|GH3A5
GC657__contig_10_34|GH3A5
GC659__contig_9_35|GH3A5
GC663__contig_8_26|GH3A5
GC666__contig_10_35|GH3A5
GC725__contig_11_2|GH3A5
GC854__contig_7_35|GH3A5
GC855__contig_7_18|GH3A5
GC857__contig_7_35|GH3A5
GC859__contig_7_18|GH3A5
GC863__contig_7_18|GH3A5
GC2484__contig_8_12|GH3A5
GC2517__contig_10_23|GH3A5
GC2529__contig_8_23|GH3A5
GC2538__contig_10_32|GH3A5
GC2540__contig_9_20|GH3A5
GC2670__contig_9_18|GH3A5
GC2671__contig_4_43|GH3A5
GC2686__contig_8_35|GH3A5
GC2688__contig_8_12|GH3A5
GC3173__contig_8_31|GH3A5
GC3176__contig_10_31|GH3A5
GC3180__contig_6_31|GH3A5
GC3181__contig_7_31|GH3A5
GC3197__contig_13_19|GH3A5
GC3198__contig_31_2|GH3A5
GC612__contig_6_19|GH3A5
GC641__contig_5_19|GH3A5
GC733__contig_6_36|GH3A5
GC2286__contig_8_32|GH3A5
GC2459__contig_14_20|GH3A5
GC133__contig_8_45|GH3A1
GC134__contig_9_45|GH3A1
GC3184__contig_3_274|GH3A1
GC3191__contig_2_442|GH3A1
GC328__contig_9_45|GH3A1
GC944__contig_18_15|GH3A1
SP351__contig_15_17|GH3A1
GC854__contig_2_28|GH3B2
GC855__contig_1_418|GH3B2
GC857__contig_1_418|GH3B2
GC859__contig_1_412|GH3B2
GC863__contig_1_412|GH3B2
GC96__contig_1_1341|GH3B2
GC87__contig_1_783|GH3A7
GC88__contig_1_1491|GH3A7
GC89__contig_1_1038|GH3A7
GC93__contig_1_374|GH3A7
GC94__contig_2_839|GH3A7
GC95__contig_2_357|GH3A7
GC3184__contig_4_16|GH3A7
GC3191__contig_4_14|GH3A7
GC751__contig_1_180|GH3A7
GC783__contig_1_37|GH3A7
GC944__contig_1_129|GH3A7
AM1493__contig_13_53|GH3A7
GC90__contig_1_856|GH3A7
GC91__contig_1_721|GH3A7
GC92__contig_1_233|GH3A7
GC89__contig_1_171|GH3A7
GC93__contig_5_1|GH3A7
GC94__contig_4_4|GH3A7
GC87__contig_1_2496|GH3A9
GC88__contig_1_2292|GH3A9
GC89__contig_1_212|GH3A9
GC90__contig_1_2559|GH3A9
GC91__contig_2_197|GH3A9
GC92__contig_4_146|GH3A9
GC93__contig_1_1173|GH3A9
GC94__contig_2_38|GH3A9
GC95__contig_3_38|GH3A9
GC948__contig_2_179|GH3A9
GC948__contig_10_36|GH3A9
GC2505__contig_1_637|GH3A9
GC2512__contig_6_34|GH3A9
GC914__contig_3_166|GH3A9
GC941__contig_3_1|GH3A9
GC948__contig_1_457|GH3A9
GC2517__contig_4_174|GH3A9
GC2529__contig_4_1|GH3A9
GC2538__contig_4_175|GH3A9
GC2286__contig_3_174|GH3A9
GC90__contig_1_800|GH3A9
GC91__contig_1_777|GH3A9
GC92__contig_1_290|GH3A9
GC2502__contig_14_42|GH3A9
GC2539__contig_12_62|GH3A9
GC2477__contig_1_36|GH3A9
GC900__contig_15_28|GH3A9
GC96__contig_1_174|GH3A9
GC735__contig_1_661|GH3A9
GC736__contig_1_661|GH3A9
GC737__contig_1_1|GH3A9
GC749__contig_1_661|GH3A9
GC808__contig_1_662|GH3A9
GC809__contig_1_661|GH3A9
GC810__contig_1_1|GH3A9
GC814__contig_1_661|GH3A9
GC815__contig_1_1|GH3A9
GC816__contig_1_1|GH3A9
GC817__contig_1_661|GH3A9
GC819__contig_1_661|GH3A9
GC821__contig_1_661|GH3A9
GC583__contig_2_1|GH3A9
GC586__contig_3_175|GH3A9
GC607__contig_4_1|GH3A9
GC632__contig_3_1|GH3A9
GC669__contig_3_1|GH3A9
GC609__contig_2_173|GH3A9
GC622__contig_1_778|GH3A9
GC657__contig_1_777|GH3A9
GC659__contig_3_1|GH3A9
GC663__contig_3_177|GH3A9
GC666__contig_3_173|GH3A9
GC725__contig_3_173|GH3A9
GC854__contig_8_31|GH3A9
GC855__contig_8_2|GH3A9
GC857__contig_9_1|GH3A9
GC859__contig_8_2|GH3A9
GC863__contig_8_2|GH3A9
GC2484__contig_9_43|GH3A9
GC2540__contig_11_1|GH3A9
GC2670__contig_2_395|GH3A9
GC2671__contig_1_674|GH3A9
GC2686__contig_1_653|GH3A9
GC2688__contig_5_1|GH3A9
GC3176__contig_4_124|GH3A9
GC3180__contig_1_1|GH3A9
GC3181__contig_1_720|GH3A9
GC3197__contig_1_212|GH3A9
GC3198__contig_10_54|GH3A9
GC612__contig_1_1450|GH3A9
GC641__contig_1_1483|GH3A9
GC733__contig_1_660|GH3A9
GC2459__contig_12_43|GH3A9
GC733__contig_14_1|GH13A1
GC735__contig_12_1|GH13A1
GC736__contig_12_1|GH13A1
GC737__contig_10_1|GH13A1
GC749__contig_12_1|GH13A1
GC808__contig_12_1|GH13A1
GC809__contig_13_1|GH13A1
GC810__contig_10_1|GH13A1
GC814__contig_13_1|GH13A1
GC815__contig_13_1|GH13A1
GC816__contig_12_1|GH13A1
GC817__contig_14_1|GH13A1
GC819__contig_14_1|GH13A1
GC821__contig_14_1|GH13A1
GC2671__contig_3_1|GH13A1
GC641__contig_2_92|GH13A1
GC586__contig_5_150|GH13A1
GC669__contig_5_150|GH13A1
GC663__contig_5_1|GH13A1
GC857__contig_3_132|GH13A1
GC641__contig_10_2|GH13A1
GC3176__contig_12_1|GH13A1
GC3180__contig_3_107|GH13A1
GC3181__contig_9_27|GH13A1
GC3197__contig_18_1|GH13A1
GC3198__contig_4_1|GH13A1
GC612__contig_3_111|GH13A1
GC2671__contig_14_1|GH13A1
GC3176__contig_16_1|GH13A1
GC3180__contig_11_1|GH13A1
GC3181__contig_12_1|GH13A1
GC3197__contig_26_1|GH13A1
GC3198__contig_36_1|GH13A1
GC586__contig_18_1|GH13A1
GC669__contig_19_1|GH13A1
GC663__contig_19_1|GH13A1
GC2686__contig_16_1|GH13A1
GC2670__contig_17_1|GH13A1
GC859__contig_14_1|GH13A1
GC863__contig_14_1|GH13A1
GC854__contig_14_1|GH13A1
GC857__contig_15_1|GH13A1
GC2686__contig_4_1|GH13A1
GC1100__contig_2_225|GH13H1
GC2505__contig_1_361|GH13H1
GC2512__contig_1_103|GH13H1
GC1061__contig_2_99|GH13H1
GC914__contig_2_105|GH13H1
GC941__contig_2_105|GH13H1
GC2502__contig_1_303|GH13H1
GC2539__contig_1_209|GH13H1
GC944__contig_21_12|GH13H1
GC948__contig_2_319|GH13H1
GC87__contig_1_342|GH13H1
GC88__contig_1_1932|GH13H1
GC89__contig_1_596|GH13H1
GC90__contig_1_363|GH13H1
GC91__contig_1_1214|GH13H1
GC92__contig_5_243|GH13H1
GC93__contig_1_816|GH13H1
GC94__contig_2_397|GH13H1
GC95__contig_3_397|GH13H1
GC133__contig_11_12|GH13H1
GC134__contig_13_55|GH13H1
GC2510__contig_1_402|GH13H1
GC2527__contig_3_307|GH13H1
GC3184__contig_8_6|GH13H1
GC3191__contig_9_12|GH13H1
GC328__contig_11_66|GH13H1
GC398__contig_13_8|GH13H1
GC399__contig_13_8|GH13H1
GC400__contig_13_11|GH13H1
GC462__contig_13_8|GH13H1
GC681__contig_13_11|GH13H1
GC710__contig_13_8|GH13H1
GC2688__contig_7_17|GH13B4
GC2286__contig_7_15|GH13B4
GC2459__contig_8_15|GH13B4
GC2484__contig_7_42|GH13B4
GC2517__contig_9_15|GH13B4
GC2529__contig_7_40|GH13B4
GC2538__contig_9_15|GH13B4
GC2540__contig_7_15|GH13B4
GC90__contig_1_2496|GH13B4
GC91__contig_2_260|GH13B4
GC92__contig_4_209|GH13B4
GC948__contig_5_101|GH13B4
GC87__contig_1_2434|GH13B4
GC88__contig_1_2354|GH13B4
GC89__contig_1_144|GH13B4
GC93__contig_1_1237|GH13B4
GC94__contig_1_27|GH13B4
GC95__contig_1_1278|GH13B4
GC859__contig_6_40|GH13B4
GC863__contig_6_17|GH13B4
GC2670__contig_8_17|GH13B4
GC2671__contig_5_41|GH13B4
GC2686__contig_6_15|GH13B4
GC3173__contig_7_47|GH13B4
GC3176__contig_7_17|GH13B4
GC3180__contig_5_42|GH13B4
GC3181__contig_6_17|GH13B4
GC3197__contig_11_42|GH13B4
GC3198__contig_8_17|GH13B4
GC612__contig_5_41|GH13B4
GC641__contig_4_17|GH13B4
GC733__contig_5_17|GH13B4
GC735__contig_6_41|GH13B4
GC736__contig_6_41|GH13B4
GC737__contig_4_41|GH13B4
GC749__contig_5_41|GH13B4
GC808__contig_7_17|GH13B4
GC809__contig_7_17|GH13B4
GC810__contig_6_17|GH13B4
GC814__contig_7_41|GH13B4
GC815__contig_7_41|GH13B4
GC816__contig_7_17|GH13B4
GC817__contig_7_17|GH13B4
GC819__contig_7_41|GH13B4
GC821__contig_7_41|GH13B4
GC583__contig_9_41|GH13B4
GC586__contig_9_16|GH13B4
GC607__contig_9_41|GH13B4
GC632__contig_9_41|GH13B4
GC669__contig_9_41|GH13B4
GC609__contig_9_40|GH13B4
GC622__contig_9_16|GH13B4
GC657__contig_9_42|GH13B4
GC659__contig_8_40|GH13B4
GC663__contig_9_16|GH13B4
GC666__contig_9_41|GH13B4
GC725__contig_8_40|GH13B4
GC854__contig_6_16|GH13B4
GC855__contig_6_17|GH13B4
GC857__contig_5_40|GH13B4
GC133__contig_1_357|GH13I
GC134__contig_1_358|GH13I
GC2454__contig_1_98|GH13I
GC2463__contig_2_77|GH13I
GC2474__contig_6_97|GH13I
GC2477__contig_1_141|GH13I
GC2479__contig_4_78|GH13I
GC2494__contig_5_25|GH13I
GC2496__contig_3_185|GH13I
GC2504__contig_1_102|GH13I
GC2508__contig_3_97|GH13I
GC2510__contig_4_146|GH13I
GC2516__contig_3_78|GH13I
GC2527__contig_4_146|GH13I
GC2528__contig_5_82|GH13I
GC3184__contig_3_148|GH13I
GC3191__contig_2_325|GH13I
GC328__contig_1_334|GH13I
GC398__contig_2_258|GH13I
GC399__contig_2_242|GH13I
GC400__contig_2_40|GH13I
GC462__contig_2_41|GH13I
GC681__contig_2_268|GH13I
GC710__contig_2_40|GH13I
GC751__contig_12_2|GH13I
GC783__contig_12_67|GH13I
GC798__contig_3_109|GH13I
GC899__contig_4_3|GH13I
GC900__contig_7_3|GH13I
GC944__contig_16_51|GH13I
AM1328__contig_10_2|GH13I
AM1493__contig_8_24|GH13I
AM1522__contig_18_27|GH13I
SP351__contig_14_46|GH13I
GC96__contig_1_44|GH13I
GC87__contig_1_123|GH13I
GC88__contig_1_2152|GH13I
GC89__contig_1_352|GH13I
GC90__contig_1_137|GH13I
GC91__contig_2_43|GH13I
GC92__contig_5_8|GH13I
GC93__contig_1_1034|GH13I
GC94__contig_2_178|GH13I
GC95__contig_3_178|GH13I
GC859__contig_1_996|GH13I
GC863__contig_1_995|GH13I
GC2671__contig_1_592|GH13I
GC2686__contig_1_566|GH13I
GC2688__contig_5_90|GH13I
GC3173__contig_3_90|GH13I
GC3176__contig_4_29|GH13I
GC3180__contig_1_97|GH13I
GC3181__contig_1_624|GH13I
GC3197__contig_1_116|GH13I
GC3198__contig_2_153|GH13I
GC612__contig_1_1354|GH13I
GC641__contig_1_1398|GH13I
GC733__contig_1_571|GH13I
GC735__contig_1_571|GH13I
GC736__contig_1_571|GH13I
GC737__contig_1_91|GH13I
GC749__contig_1_571|GH13I
GC808__contig_1_572|GH13I
GC809__contig_1_571|GH13I
GC810__contig_1_91|GH13I
GC814__contig_1_571|GH13I
GC815__contig_1_91|GH13I
GC816__contig_1_91|GH13I
GC817__contig_1_571|GH13I
GC819__contig_1_571|GH13I
GC821__contig_1_571|GH13I
GC1100__contig_3_74|GH13I
GC2505__contig_1_544|GH13I
GC2512__contig_4_60|GH13I
GC948__contig_3_87|GH13I
GC583__contig_2_94|GH13I
GC586__contig_3_85|GH13I
GC607__contig_4_97|GH13I
GC632__contig_3_94|GH13I
GC669__contig_3_91|GH13I
GC1061__contig_3_76|GH13I
GC914__contig_3_87|GH13I
GC941__contig_3_80|GH13I
GC2502__contig_4_97|GH13I
GC2539__contig_1_16|GH13I
GC609__contig_2_81|GH13I
GC622__contig_1_685|GH13I
GC657__contig_1_684|GH13I
GC659__contig_3_93|GH13I
GC663__contig_3_86|GH13I
GC666__contig_3_80|GH13I
GC725__contig_3_80|GH13I
GC854__contig_1_555|GH13I
GC855__contig_1_1002|GH13I
GC857__contig_1_1001|GH13I
GC2459__contig_1_49|GH13I
GC2484__contig_2_49|GH13I
GC2517__contig_4_81|GH13I
GC2529__contig_4_95|GH13I
GC2538__contig_4_82|GH13I
GC2540__contig_1_49|GH13I
GC2670__contig_2_308|GH13I
GC2286__contig_3_81|GH13I
GC2688__contig_4_51|GH13B5
GC857__contig_8_7|GH13B5
GC859__contig_4_24|GH13B5
GC863__contig_4_51|GH13B5
GC2671__contig_10_11|GH13B5
GC3173__contig_4_7|GH13B5
GC3176__contig_8_7|GH13B5
GC3180__contig_4_45|GH13B5
GC3181__contig_4_45|GH13B5
GC3197__contig_20_4|GH13B5
GC3198__contig_19_7|GH13B5
GC612__contig_4_21|GH13B5
GC641__contig_3_45|GH13B5
GC733__contig_10_7|GH13B5
GC735__contig_5_4|GH13B5
GC736__contig_5_5|GH13B5
GC737__contig_7_31|GH13B5
GC749__contig_8_32|GH13B5
GC808__contig_6_46|GH13B5
GC809__contig_5_32|GH13B5
GC810__contig_5_31|GH13B5
GC814__contig_5_32|GH13B5
GC815__contig_5_31|GH13B5
GC816__contig_5_46|GH13B5
GC817__contig_5_46|GH13B5
GC819__contig_5_45|GH13B5
GC821__contig_5_32|GH13B5
GC583__contig_6_52|GH13B5
GC586__contig_10_25|GH13B5
GC607__contig_12_29|GH13B5
GC632__contig_6_31|GH13B5
GC669__contig_10_26|GH13B5
GC609__contig_5_52|GH13B5
GC622__contig_6_29|GH13B5
GC657__contig_6_29|GH13B5
GC659__contig_5_31|GH13B5
GC663__contig_10_25|GH13B5
GC666__contig_6_31|GH13B5
GC725__contig_5_53|GH13B5
GC854__contig_5_25|GH13B5
GC855__contig_4_24|GH13B5
GC855__contig_14_1|GH13A2
GC3173__contig_4_43|GH13A2
GC859__contig_3_1|GH13A2
GC863__contig_3_1|GH13A2
GC854__contig_4_132|GH13A2
GC855__contig_3_1|GH13A2
GC2670__contig_5_103|GH13A2
GC733__contig_4_114|GH13A2
GC735__contig_4_114|GH13A2
GC736__contig_4_1|GH13A2
GC737__contig_3_114|GH13A2
GC749__contig_4_1|GH13A2
GC808__contig_4_1|GH13A2
GC809__contig_4_114|GH13A2
GC810__contig_4_114|GH13A2
GC814__contig_4_1|GH13A2
GC815__contig_4_1|GH13A2
GC816__contig_4_114|GH13A2
GC817__contig_4_114|GH13A2
GC819__contig_4_1|GH13A2
GC821__contig_4_114|GH13A2
GC612__contig_11_1|GH13A5
GC96__contig_1_26|GH13B2
GC87__contig_1_2430|GH13E1
GC88__contig_1_2358|GH13E1
GC89__contig_1_140|GH13E1
GC90__contig_1_2492|GH13E1
GC91__contig_2_264|GH13E1
GC92__contig_4_213|GH13E1
GC93__contig_1_1241|GH13E1
GC94__contig_1_31|GH13E1
GC95__contig_1_1274|GH13E1
GC948__contig_3_85|GH13E1
GC948__contig_5_105|GH13E1
GC669__contig_9_45|GH13E1
GC859__contig_6_44|GH13E1
GC863__contig_6_12|GH13E1
GC2670__contig_8_13|GH13E1
GC2671__contig_5_46|GH13E1
GC2686__contig_6_11|GH13E1
GC2688__contig_7_12|GH13E1
GC3173__contig_7_52|GH13E1
GC3176__contig_7_12|GH13E1
GC3180__contig_5_47|GH13E1
GC3181__contig_6_12|GH13E1
GC3197__contig_11_47|GH13E1
GC3198__contig_8_12|GH13E1
GC612__contig_5_45|GH13E1
GC641__contig_4_12|GH13E1
GC733__contig_5_12|GH13E1
GC735__contig_6_46|GH13E1
GC736__contig_6_46|GH13E1
GC737__contig_4_46|GH13E1
GC749__contig_5_46|GH13E1
GC808__contig_7_12|GH13E1
GC809__contig_7_12|GH13E1
GC810__contig_6_12|GH13E1
GC814__contig_7_46|GH13E1
GC815__contig_7_46|GH13E1
GC816__contig_7_12|GH13E1
GC817__contig_7_12|GH13E1
GC819__contig_7_46|GH13E1
GC821__contig_7_46|GH13E1
GC583__contig_9_45|GH13E1
GC586__contig_9_12|GH13E1
GC607__contig_9_45|GH13E1
GC632__contig_9_45|GH13E1
GC609__contig_9_45|GH13E1
GC622__contig_9_12|GH13E1
GC657__contig_9_46|GH13E1
GC659__contig_8_45|GH13E1
GC666__contig_9_45|GH13E1
GC725__contig_8_45|GH13E1
GC854__contig_6_12|GH13E1
GC855__contig_6_12|GH13E1
GC857__contig_5_45|GH13E1
GC2686__contig_2_398|GH13B1
GC641__contig_1_731|GH13B1
GC733__contig_2_245|GH13B1
GC810__contig_3_245|GH13B1
GC817__contig_3_25|GH13B1
GC607__contig_1_233|GH13B1
GC2670__contig_3_145|GH13B1
GC612__contig_1_611|GH13B1
GC859__contig_1_290|GH13B1
GC3173__contig_5_58|GH13B1
GC854__contig_2_155|GH13B1
GC855__contig_1_290|GH13B1
GC857__contig_1_290|GH13B1
GC863__contig_1_290|GH13B1
GC2671__contig_2_29|GH13B1
GC2688__contig_2_265|GH13B1
GC3176__contig_3_178|GH13B1
GC3180__contig_2_589|GH13B1
GC3181__contig_3_98|GH13B1
GC3197__contig_4_56|GH13B1
GC3198__contig_15_20|GH13B1
GC735__contig_3_146|GH13B1
GC736__contig_3_245|GH13B1
GC737__contig_1_818|GH13B1
GC749__contig_3_151|GH13B1
GC808__contig_3_244|GH13B1
GC809__contig_3_245|GH13B1
GC814__contig_3_245|GH13B1
GC815__contig_3_155|GH13B1
GC816__contig_3_245|GH13B1
GC819__contig_3_244|GH13B1
GC821__contig_3_25|GH13B1
GC583__contig_1_585|GH13B1
GC586__contig_1_582|GH13B1
GC632__contig_1_231|GH13B1
GC669__contig_1_582|GH13B1
GC609__contig_1_586|GH13B1
GC622__contig_3_232|GH13B1
GC657__contig_3_36|GH13B1
GC659__contig_1_585|GH13B1
GC663__contig_1_195|GH13B1
GC666__contig_1_585|GH13B1
GC725__contig_1_586|GH13B1
GC2459__contig_4_103|GH13B1
GC2484__contig_1_64|GH13B1
GC2517__contig_6_66|GH13B1
GC2529__contig_1_271|GH13B1
GC2538__contig_6_64|GH13B1
GC2540__contig_5_157|GH13B1
GC2286__contig_5_65|GH13B1
GC2517__contig_6_67|GH13B3
GC2529__contig_1_270|GH13B3
GC2538__contig_6_63|GH13B3
GC2286__contig_5_64|GH13B3
GC948__contig_4_100|GH13B3
GC859__contig_1_289|GH13B3
GC863__contig_1_289|GH13B3
GC2671__contig_2_30|GH13B3
GC3176__contig_3_177|GH13B3
GC3180__contig_2_588|GH13B3
GC3181__contig_3_99|GH13B3
GC3197__contig_4_57|GH13B3
GC3198__contig_15_21|GH13B3
GC612__contig_1_610|GH13B3
GC733__contig_2_244|GH13B3
GC735__contig_3_147|GH13B3
GC736__contig_3_244|GH13B3
GC737__contig_1_819|GH13B3
GC749__contig_3_152|GH13B3
GC808__contig_3_243|GH13B3
GC809__contig_3_244|GH13B3
GC810__contig_3_244|GH13B3
GC814__contig_3_244|GH13B3
GC815__contig_3_154|GH13B3
GC816__contig_3_244|GH13B3
GC817__contig_3_26|GH13B3
GC819__contig_3_243|GH13B3
GC821__contig_3_26|GH13B3
GC854__contig_2_156|GH13B3
GC855__contig_1_289|GH13B3
GC857__contig_1_289|GH13B3
GC2670__contig_3_144|GH13B3
GC2686__contig_2_397|GH13B3
GC2459__contig_4_102|GH13B3
GC2484__contig_1_63|GH13B3
GC2540__contig_5_156|GH13B3
GC2688__contig_2_264|GH13B3
GC3173__contig_5_59|GH13B3
GC641__contig_1_730|GH13B3
GC583__contig_1_586|GH13B3
GC586__contig_1_583|GH13B3
GC607__contig_1_232|GH13B3
GC632__contig_1_230|GH13B3
GC669__contig_1_583|GH13B3
GC609__contig_1_587|GH13B3
GC622__contig_3_231|GH13B3
GC657__contig_3_37|GH13B3
GC659__contig_1_586|GH13B3
GC663__contig_1_194|GH13B3
GC666__contig_1_586|GH13B3
GC725__contig_1_587|GH13B3
GC859__contig_1_612|GH13C1
GC863__contig_1_612|GH13C1
GC2671__contig_1_202|GH13C1
GC2686__contig_1_190|GH13C1
GC2688__contig_1_301|GH13C1
GC3173__contig_1_291|GH13C1
GC3176__contig_1_126|GH13C1
GC3180__contig_1_509|GH13C1
GC3181__contig_1_212|GH13C1
GC3197__contig_6_94|GH13C1
GC3198__contig_1_126|GH13C1
GC612__contig_1_976|GH13C1
GC641__contig_1_1009|GH13C1
GC733__contig_1_180|GH13C1
GC735__contig_1_180|GH13C1
GC736__contig_1_180|GH13C1
GC737__contig_1_482|GH13C1
GC749__contig_1_180|GH13C1
GC808__contig_1_180|GH13C1
GC809__contig_1_180|GH13C1
GC810__contig_1_482|GH13C1
GC814__contig_1_180|GH13C1
GC815__contig_1_482|GH13C1
GC816__contig_1_482|GH13C1
GC817__contig_1_180|GH13C1
GC819__contig_1_180|GH13C1
GC821__contig_1_180|GH13C1
GC948__contig_2_105|GH13C1
GC583__contig_1_300|GH13C1
GC586__contig_1_296|GH13C1
GC607__contig_1_520|GH13C1
GC632__contig_1_515|GH13C1
GC669__contig_1_296|GH13C1
GC609__contig_1_301|GH13C1
GC622__contig_1_306|GH13C1
GC657__contig_1_305|GH13C1
GC659__contig_1_301|GH13C1
GC663__contig_1_481|GH13C1
GC666__contig_1_300|GH13C1
GC725__contig_1_300|GH13C1
GC854__contig_1_172|GH13C1
GC855__contig_1_618|GH13C1
GC857__contig_1_618|GH13C1
GC2459__contig_5_89|GH13C1
GC2484__contig_1_334|GH13C1
GC2517__contig_2_252|GH13C1
GC2529__contig_1_595|GH13C1
GC2538__contig_2_71|GH13C1
GC2540__contig_3_151|GH13C1
GC2670__contig_4_103|GH13C1
GC2286__contig_1_299|GH13C1
GC857__contig_5_47|GH13C1
GC859__contig_6_46|GH13C1
GC863__contig_6_10|GH13C1
GC2688__contig_7_10|GH13C1
GC641__contig_4_10|GH13C1
GC733__contig_5_10|GH13C1
GC735__contig_6_48|GH13C1
GC736__contig_6_48|GH13C1
GC737__contig_4_48|GH13C1
GC749__contig_5_48|GH13C1
GC808__contig_7_10|GH13C1
GC809__contig_7_10|GH13C1
GC810__contig_6_10|GH13C1
GC814__contig_7_48|GH13C1
GC815__contig_7_48|GH13C1
GC816__contig_7_10|GH13C1
GC817__contig_7_10|GH13C1
GC819__contig_7_48|GH13C1
GC821__contig_7_48|GH13C1
GC854__contig_6_10|GH13C1
GC855__contig_6_10|GH13C1
GC2459__contig_8_10|GH13C1
GC2484__contig_7_47|GH13C1
GC2517__contig_9_10|GH13C1
GC2529__contig_7_45|GH13C1
GC2538__contig_9_10|GH13C1
GC2540__contig_7_10|GH13C1
GC2286__contig_7_10|GH13C1
GC133__contig_8_5|GH13C1
GC134__contig_9_5|GH13C1
GC328__contig_9_5|GH13C1
GC398__contig_8_61|GH13C1
GC399__contig_8_61|GH13C1
GC400__contig_8_5|GH13C1
GC462__contig_8_5|GH13C1
GC681__contig_8_5|GH13C1
GC710__contig_8_5|GH13C1
GC751__contig_19_37|GH13C1
GC783__contig_19_5|GH13C1
GC900__contig_31_5|GH13C1
AM1328__contig_28_19|GH13C1
AM1493__contig_20_19|GH13C1
SP351__contig_21_20|GH13C1
GC87__contig_1_2444|GH13C1
GC88__contig_1_2344|GH13C1
GC89__contig_1_154|GH13C1
GC90__contig_1_2506|GH13C1
GC91__contig_2_250|GH13C1
GC92__contig_4_199|GH13C1
GC93__contig_1_1227|GH13C1
GC94__contig_1_17|GH13C1
GC95__contig_1_1288|GH13C1
GC2505__contig_5_60|GH13C1
GC2512__contig_5_6|GH13C1
GC948__contig_5_107|GH13C1
GC2502__contig_20_6|GH13C1
GC2539__contig_10_6|GH13C1
GC2397__contig_15_35|GH13C1
GC2403__contig_15_14|GH13C1
GC2408__contig_16_14|GH13C1
GC2470__contig_12_43|GH13C1
GC2475__contig_33_8|GH13C1
GC2492__contig_26_14|GH13C1
GC2503__contig_11_35|GH13C1
GC2523__contig_13_35|GH13C1
GC2524__contig_12_14|GH13C1
GC2686__contig_2_4|GH13C1
GC3173__contig_2_58|GH13C1
GC583__contig_7_8|GH13C1
GC586__contig_6_14|GH13C1
GC607__contig_8_77|GH13C1
GC632__contig_7_77|GH13C1
GC669__contig_6_14|GH13C1
GC609__contig_6_77|GH13C1
GC622__contig_7_8|GH13C1
GC657__contig_7_77|GH13C1
GC659__contig_6_8|GH13C1
GC663__contig_6_90|GH13C1
GC666__contig_7_8|GH13C1
GC2670__contig_1_240|GH13C1
GC133__contig_1_351|GH13C1
GC134__contig_1_352|GH13C1
GC2454__contig_1_103|GH13C1
GC2463__contig_2_72|GH13C1
GC2474__contig_6_102|GH13C1
GC2477__contig_1_148|GH13C1
GC2479__contig_4_71|GH13C1
GC2494__contig_67_3|GH13C1
GC2496__contig_3_178|GH13C1
GC2504__contig_1_109|GH13C1
GC2508__contig_3_102|GH13C1
GC2510__contig_4_151|GH13C1
GC2516__contig_3_73|GH13C1
GC2527__contig_4_151|GH13C1
GC2528__contig_5_89|GH13C1
GC3184__contig_3_142|GH13C1
GC3191__contig_2_319|GH13C1
GC328__contig_1_328|GH13C1
GC398__contig_2_252|GH13C1
GC399__contig_2_236|GH13C1
GC400__contig_2_46|GH13C1
GC462__contig_2_47|GH13C1
GC681__contig_2_262|GH13C1
GC710__contig_2_46|GH13C1
GC751__contig_12_8|GH13C1
GC783__contig_12_61|GH13C1
GC798__contig_3_103|GH13C1
GC899__contig_4_9|GH13C1
GC900__contig_7_9|GH13C1
GC944__contig_16_45|GH13C1
AM1328__contig_10_8|GH13C1
AM1493__contig_8_31|GH13C1
AM1522__contig_18_35|GH13C1
SP351__contig_14_40|GH13C1
GC96__contig_1_38|GH13C1
GC2459__contig_1_64|GH13C1
GC2484__contig_2_64|GH13C1
GC2540__contig_1_64|GH13C1
GC87__contig_1_2452|GH13C1
GC88__contig_1_2336|GH13C1
GC90__contig_1_2514|GH13C1
GC91__contig_2_242|GH13C1
GC92__contig_4_191|GH13C1
GC95__contig_1_1296|GH13C1
GC612__contig_5_47|GH13C1
GC583__contig_9_47|GH13C1
GC607__contig_9_47|GH13C1
GC632__contig_9_47|GH13C1
GC87__contig_1_2422|GH13C1
GC88__contig_1_2366|GH13C1
GC89__contig_1_132|GH13C1
GC93__contig_1_1249|GH13C1
GC94__contig_1_39|GH13C1
GC95__contig_1_1266|GH13C1
GC609__contig_9_47|GH13C1
GC622__contig_9_10|GH13C1
GC657__contig_9_48|GH13C1
GC659__contig_8_47|GH13C1
GC666__contig_9_47|GH13C1
GC725__contig_8_47|GH13C1
GC2670__contig_8_11|GH13C1
GC2671__contig_5_48|GH13C1
GC2686__contig_6_9|GH13C1
GC3173__contig_7_54|GH13C1
GC3176__contig_7_10|GH13C1
GC3180__contig_5_49|GH13C1
GC3181__contig_6_10|GH13C1
GC3197__contig_11_49|GH13C1
GC3198__contig_8_10|GH13C1
GC1100__contig_8_35|GH13C1
GC586__contig_9_10|GH13C1
GC669__contig_9_47|GH13C1
GC1061__contig_9_16|GH13C1
GC914__contig_6_17|GH13C1
GC941__contig_6_17|GH13C1
GC663__contig_9_10|GH13C1
GC2686__contig_5_86|GH13A3
GC612__contig_8_4|GH13A3
GC3176__contig_8_48|GH13A3
GC3180__contig_4_86|GH13A3
GC3181__contig_4_85|GH13A3
GC3197__contig_17_31|GH13A3
GC3198__contig_28_16|GH13A3
GC2670__contig_12_1|GH13A3
GC733__contig_9_1|GH13A3
GC735__contig_8_1|GH13A3
GC736__contig_8_27|GH13A3
GC737__contig_7_1|GH13A3
GC749__contig_8_1|GH13A3
GC808__contig_6_76|GH13A3
GC809__contig_5_1|GH13A3
GC810__contig_5_1|GH13A3
GC814__contig_5_1|GH13A3
GC815__contig_5_1|GH13A3
GC816__contig_5_76|GH13A3
GC817__contig_5_77|GH13A3
GC819__contig_5_75|GH13A3
GC821__contig_5_1|GH13A3
GC863__contig_13_3|GH13A3
GC854__contig_13_3|GH13A3
GC855__contig_13_1|GH13A3
GC2671__contig_9_1|GH13A3
GC641__contig_8_1|GH13A3
GC586__contig_16_3|GH13A3
GC669__contig_17_1|GH13A3
GC663__contig_17_3|GH13A3
GC857__contig_14_1|GH13A3
GC133__contig_3_44|GH13K
GC134__contig_8_44|GH13K
GC2454__contig_10_38|GH13K
GC2463__contig_11_22|GH13K
GC2474__contig_10_26|GH13K
GC2477__contig_8_45|GH13K
GC2479__contig_18_20|GH13K
GC2494__contig_60_7|GH13K
GC2496__contig_4_181|GH13K
GC2504__contig_4_22|GH13K
GC2508__contig_12_26|GH13K
GC2510__contig_3_118|GH13K
GC2516__contig_1_601|GH13K
GC2527__contig_1_118|GH13K
GC2528__contig_4_26|GH13K
GC3184__contig_2_240|GH13K
GC3191__contig_3_240|GH13K
GC328__contig_8_44|GH13K
GC398__contig_4_166|GH13K
GC399__contig_4_41|GH13K
GC400__contig_4_41|GH13K
GC462__contig_4_167|GH13K
GC681__contig_4_41|GH13K
GC710__contig_4_167|GH13K
GC751__contig_4_120|GH13K
GC783__contig_4_120|GH13K
GC798__contig_4_77|GH13K
GC899__contig_5_68|GH13K
GC900__contig_5_44|GH13K
GC944__contig_14_45|GH13K
AM1328__contig_2_99|GH13K
AM1493__contig_7_22|GH13K
AM1522__contig_5_93|GH13K
SP351__contig_10_78|GH13K
GC96__contig_1_1286|GH13K
GC859__contig_1_384|GH13K
GC863__contig_1_384|GH13K
GC2686__contig_2_440|GH13K
GC2688__contig_2_318|GH13K
GC3173__contig_12_13|GH13K
GC3176__contig_3_221|GH13K
GC3180__contig_2_632|GH13K
GC3181__contig_3_55|GH13K
GC3197__contig_4_13|GH13K
GC3198__contig_16_13|GH13K
GC612__contig_1_714|GH13K
GC641__contig_1_773|GH13K
GC733__contig_2_342|GH13K
GC735__contig_3_51|GH13K
GC736__contig_3_340|GH13K
GC737__contig_1_720|GH13K
GC749__contig_3_54|GH13K
GC808__contig_5_66|GH13K
GC809__contig_6_54|GH13K
GC810__contig_3_340|GH13K
GC814__contig_6_19|GH13K
GC815__contig_1_721|GH13K
GC816__contig_6_51|GH13K
GC817__contig_6_19|GH13K
GC819__contig_6_54|GH13K
GC821__contig_6_55|GH13K
GC2397__contig_8_57|GH13K
GC2403__contig_8_19|GH13K
GC2408__contig_6_26|GH13K
GC2470__contig_8_57|GH13K
GC2475__contig_8_57|GH13K
GC2491__contig_7_26|GH13K
GC2492__contig_9_57|GH13K
GC2503__contig_6_57|GH13K
GC2523__contig_7_57|GH13K
GC2524__contig_7_57|GH13K
GC1100__contig_1_60|GH13K
GC2505__contig_2_621|GH13K
GC2512__contig_1_537|GH13K
GC948__contig_4_162|GH13K
GC583__contig_1_543|GH13K
GC586__contig_1_540|GH13K
GC607__contig_1_275|GH13K
GC632__contig_1_273|GH13K
GC669__contig_1_540|GH13K
GC1061__contig_1_59|GH13K
GC914__contig_1_577|GH13K
GC941__contig_1_577|GH13K
GC87__contig_1_1297|GH13K
GC88__contig_1_978|GH13K
GC89__contig_1_1551|GH13K
GC90__contig_1_1382|GH13K
GC91__contig_1_196|GH13K
GC92__contig_3_290|GH13K
GC93__contig_2_976|GH13K
GC94__contig_1_1162|GH13K
GC95__contig_1_141|GH13K
GC2502__contig_2_182|GH13K
GC2539__contig_11_32|GH13K
GC609__contig_1_544|GH13K
GC622__contig_1_63|GH13K
GC657__contig_1_63|GH13K
GC659__contig_1_543|GH13K
GC663__contig_1_237|GH13K
GC666__contig_1_543|GH13K
GC725__contig_1_544|GH13K
GC854__contig_2_56|GH13K
GC855__contig_1_390|GH13K
GC857__contig_1_390|GH13K
GC2459__contig_4_146|GH13K
GC2484__contig_1_107|GH13K
GC2517__contig_6_22|GH13K
GC2529__contig_1_314|GH13K
GC2538__contig_6_108|GH13K
GC2540__contig_5_201|GH13K
GC2670__contig_3_187|GH13K
GC2286__contig_5_109|GH13K
GC89__contig_1_163|GH13C3
GC93__contig_1_1218|GH13C3
GC94__contig_1_8|GH13C3
GC798__contig_3_99|GH13L
GC899__contig_4_13|GH13L
GC900__contig_7_13|GH13L
GC133__contig_1_347|GH13L
GC134__contig_1_348|GH13L
GC3184__contig_3_138|GH13L
GC3191__contig_2_315|GH13L
GC328__contig_1_324|GH13L
GC398__contig_2_248|GH13L
GC399__contig_2_232|GH13L
GC400__contig_2_50|GH13L
GC462__contig_2_51|GH13L
GC681__contig_2_258|GH13L
GC710__contig_2_50|GH13L
GC751__contig_12_12|GH13L
GC783__contig_12_57|GH13L
AM1328__contig_10_12|GH13L
AM1493__contig_8_35|GH13L
SP351__contig_14_36|GH13L
GC725__contig_6_8|GH13C4
GC2479__contig_4_162|GH13C4
GC2528__contig_32_4|GH13C4
GC96__contig_1_129|GH13C4
GC725__contig_6_9|GH13C4
GC87__contig_1_270|GH13G
GC88__contig_1_2004|GH13G
GC89__contig_1_499|GH13G
GC90__contig_1_297|GH13G
GC91__contig_1_1280|GH13G
GC92__contig_5_166|GH13G
GC93__contig_1_888|GH13G
GC94__contig_2_325|GH13G
GC95__contig_3_325|GH13G
GC96__contig_1_1811|GH13G
GC2502__contig_3_46|GH13G
GC2539__contig_5_33|GH13G
GC1100__contig_6_34|GH13G
GC2505__contig_3_187|GH13G
GC2512__contig_3_187|GH13G
GC1061__contig_7_39|GH13G
GC914__contig_5_42|GH13G
GC941__contig_5_42|GH13G
GC948__contig_7_99|GH13G
GC2397__contig_5_76|GH13G
GC2403__contig_6_76|GH13G
GC2408__contig_5_76|GH13G
GC2470__contig_5_75|GH13G
GC2475__contig_3_72|GH13G
GC2491__contig_1_216|GH13G
GC2492__contig_6_75|GH13G
GC2503__contig_2_76|GH13G
GC2523__contig_1_203|GH13G
GC2524__contig_1_76|GH13G
GC133__contig_1_219|GH13G
GC134__contig_1_220|GH13G
GC2454__contig_1_225|GH13G
GC2463__contig_3_50|GH13G
GC2474__contig_2_117|GH13G
GC2477__contig_1_268|GH13G
GC2479__contig_2_52|GH13G
GC2494__contig_23_4|GH13G
GC2496__contig_3_47|GH13G
GC2504__contig_1_232|GH13G
GC2508__contig_10_47|GH13G
GC2510__contig_7_50|GH13G
GC2516__contig_6_77|GH13G
GC2527__contig_6_57|GH13G
GC2528__contig_8_63|GH13G
GC3184__contig_3_14|GH13G
GC3191__contig_2_191|GH13G
GC328__contig_1_196|GH13G
GC398__contig_2_118|GH13G
GC399__contig_2_101|GH13G
GC400__contig_2_181|GH13G
GC462__contig_2_182|GH13G
GC681__contig_2_117|GH13G
GC710__contig_2_181|GH13G
GC751__contig_6_73|GH13G
GC783__contig_6_73|GH13G
GC798__contig_23_2|GH13G
GC899__contig_22_2|GH13G
GC900__contig_16_24|GH13G
GC944__contig_3_57|GH13G
AM1328__contig_4_14|GH13G
AM1493__contig_5_87|GH13G
AM1522__contig_20_34|GH13G
SP351__contig_1_117|GH13G
GC859__contig_3_71|GH13G
GC863__contig_3_71|GH13G
GC2671__contig_3_45|GH13G
GC2686__contig_4_42|GH13G
GC2688__contig_4_129|GH13G
GC3173__contig_4_84|GH13G
GC3176__contig_5_20|GH13G
GC3180__contig_3_61|GH13G
GC3181__contig_5_20|GH13G
GC3197__contig_7_20|GH13G
GC3198__contig_4_46|GH13G
GC612__contig_3_65|GH13G
GC641__contig_2_51|GH13G
GC733__contig_4_61|GH13G
GC735__contig_4_61|GH13G
GC736__contig_4_54|GH13G
GC737__contig_3_61|GH13G
GC749__contig_4_54|GH13G
GC808__contig_4_54|GH13G
GC809__contig_4_61|GH13G
GC810__contig_4_61|GH13G
GC814__contig_4_54|GH13G
GC815__contig_4_54|GH13G
GC816__contig_4_61|GH13G
GC817__contig_4_61|GH13G
GC819__contig_4_54|GH13G
GC821__contig_4_61|GH13G
GC583__contig_5_61|GH13G
GC586__contig_5_49|GH13G
GC607__contig_7_61|GH13G
GC632__contig_5_61|GH13G
GC669__contig_5_49|GH13G
GC609__contig_4_61|GH13G
GC622__contig_2_185|GH13G
GC657__contig_2_187|GH13G
GC659__contig_4_48|GH13G
GC663__contig_5_102|GH13G
GC666__contig_5_48|GH13G
GC725__contig_4_48|GH13G
GC854__contig_4_62|GH13G
GC855__contig_3_71|GH13G
GC857__contig_3_62|GH13G
GC2459__contig_3_67|GH13G
GC2484__contig_4_89|GH13G
GC2517__contig_5_48|GH13G
GC2529__contig_5_48|GH13G
GC2538__contig_7_50|GH13G
GC2540__contig_4_67|GH13G
GC2670__contig_5_62|GH13G
GC2286__contig_4_48|GH13G
GC859__contig_13_2|GH13A4
GC859__contig_13_1|GH13A4
GC96__contig_1_1736|GH13H2
GC3176__contig_20_1|GH13A6
GC3180__contig_15_1|GH13A6
GC3197__contig_29_1|GH13A6
GC859__contig_1_5|GH13C2
GC863__contig_1_6|GH13C2
GC854__contig_2_440|GH13C2
GC855__contig_1_6|GH13C2
GC857__contig_1_5|GH13C2
GC89__contig_1_162|GH13C2
GC93__contig_1_1219|GH13C2
GC94__contig_1_9|GH13C2
GC2510__contig_3_5|GH13D1
GC2527__contig_1_5|GH13D1
GC751__contig_4_5|GH13D1
GC783__contig_4_5|GH13D1
GC798__contig_17_32|GH13D1
GC899__contig_16_27|GH13D1
GC900__contig_5_26|GH13D1
GC944__contig_8_86|GH13D1
AM1328__contig_20_37|GH13D1
AM1522__contig_5_113|GH13D1
GC2403__contig_1_73|GH13D1
GC2408__contig_3_87|GH13D1
GC2470__contig_2_72|GH13D1
GC2475__contig_2_72|GH13D1
GC2491__contig_1_73|GH13D1
GC2492__contig_2_73|GH13D1
GC2503__contig_2_219|GH13D1
GC2523__contig_1_60|GH13D1
GC2524__contig_1_219|GH13D1
GC87__contig_1_402|GH13D1
GC88__contig_1_1872|GH13D1
GC90__contig_1_482|GH13D1
GC91__contig_1_1095|GH13D1
GC92__contig_1_608|GH13D1
GC95__contig_3_457|GH13D1
GC2397__contig_6_87|GH13D1
GC96__contig_1_1269|GH13D1
GC948__contig_2_264|GH13D1
GC1100__contig_1_85|GH13D1
GC2505__contig_2_604|GH13D1
GC2512__contig_1_554|GH13D1
GC1061__contig_1_84|GH13D1
GC914__contig_1_555|GH13D1
GC941__contig_1_555|GH13D1
GC2502__contig_2_157|GH13D1
GC2539__contig_11_7|GH13D1
GC133__contig_3_26|GH13D1
GC134__contig_8_26|GH13D1
GC2454__contig_10_59|GH13D1
GC2463__contig_11_5|GH13D1
GC2474__contig_10_5|GH13D1
GC2477__contig_8_62|GH13D1
GC2479__contig_18_41|GH13D1
GC2494__contig_75_5|GH13D1
GC2496__contig_4_198|GH13D1
GC2504__contig_4_5|GH13D1
GC2508__contig_12_5|GH13D1
GC2516__contig_1_580|GH13D1
GC2528__contig_4_5|GH13D1
GC3184__contig_2_361|GH13D1
GC3191__contig_13_7|GH13D1
GC328__contig_8_26|GH13D1
GC398__contig_4_183|GH13D1
GC399__contig_4_24|GH13D1
GC400__contig_4_24|GH13D1
GC462__contig_4_184|GH13D1
GC681__contig_4_24|GH13D1
GC710__contig_4_184|GH13D1
AM1493__contig_7_5|GH13D1
SP351__contig_10_95|GH13D1
GC96__contig_1_448|GH13D1
GC133__contig_7_98|GH13D1
GC134__contig_7_8|GH13D1
GC2454__contig_2_195|GH13D1
GC2463__contig_1_194|GH13D1
GC2474__contig_3_195|GH13D1
GC2477__contig_10_22|GH13D1
GC2479__contig_5_22|GH13D1
GC2494__contig_33_2|GH13D1
GC2496__contig_1_264|GH13D1
GC2504__contig_3_68|GH13D1
GC2508__contig_2_22|GH13D1
GC2510__contig_1_359|GH13D1
GC2516__contig_2_22|GH13D1
GC2527__contig_3_264|GH13D1
GC2528__contig_1_221|GH13D1
GC3184__contig_4_213|GH13D1
GC3191__contig_4_211|GH13D1
GC328__contig_7_8|GH13D1
GC398__contig_11_40|GH13D1
GC399__contig_11_40|GH13D1
GC400__contig_11_40|GH13D1
GC462__contig_11_36|GH13D1
GC681__contig_11_40|GH13D1
GC710__contig_11_36|GH13D1
GC751__contig_5_35|GH13D1
GC783__contig_5_98|GH13D1
GC798__contig_1_29|GH13D1
GC899__contig_2_185|GH13D1
GC900__contig_9_29|GH13D1
GC944__contig_10_61|GH13D1
AM1328__contig_21_34|GH13D1
AM1493__contig_9_67|GH13D1
AM1522__contig_13_45|GH13D1
SP351__contig_4_136|GH13D1
GC2397__contig_8_74|GH13D1
GC2403__contig_8_2|GH13D1
GC2408__contig_6_9|GH13D1
GC2470__contig_8_74|GH13D1
GC2475__contig_8_74|GH13D1
GC2491__contig_7_9|GH13D1
GC2492__contig_9_74|GH13D1
GC2503__contig_6_74|GH13D1
GC2523__contig_7_74|GH13D1
GC2524__contig_7_74|GH13D1
GC859__contig_1_368|GH13D1
GC863__contig_1_368|GH13D1
GC2686__contig_2_424|GH13D1
GC2688__contig_2_302|GH13D1
GC3173__contig_12_29|GH13D1
GC3176__contig_3_204|GH13D1
GC3180__contig_2_615|GH13D1
GC3181__contig_3_72|GH13D1
GC3197__contig_4_30|GH13D1
GC3198__contig_16_30|GH13D1
GC612__contig_1_693|GH13D1
GC641__contig_1_757|GH13D1
GC733__contig_2_325|GH13D1
GC735__contig_3_68|GH13D1
GC736__contig_3_323|GH13D1
GC737__contig_1_737|GH13D1
GC749__contig_3_71|GH13D1
GC808__contig_5_49|GH13D1
GC809__contig_6_71|GH13D1
GC810__contig_3_323|GH13D1
GC814__contig_6_2|GH13D1
GC815__contig_1_738|GH13D1
GC816__contig_6_68|GH13D1
GC817__contig_6_2|GH13D1
GC819__contig_6_71|GH13D1
GC821__contig_6_72|GH13D1
GC948__contig_4_140|GH13D1
GC583__contig_1_559|GH13D1
GC586__contig_1_556|GH13D1
GC607__contig_1_259|GH13D1
GC632__contig_1_257|GH13D1
GC669__contig_1_556|GH13D1
GC87__contig_1_1280|GH13D1
GC88__contig_1_995|GH13D1
GC89__contig_1_1534|GH13D1
GC90__contig_1_1364|GH13D1
GC91__contig_1_214|GH13D1
GC92__contig_3_272|GH13D1
GC93__contig_2_993|GH13D1
GC94__contig_1_1179|GH13D1
GC95__contig_1_124|GH13D1
GC609__contig_1_560|GH13D1
GC622__contig_1_47|GH13D1
GC657__contig_1_47|GH13D1
GC659__contig_1_559|GH13D1
GC663__contig_1_221|GH13D1
GC666__contig_1_559|GH13D1
GC725__contig_1_560|GH13D1
GC854__contig_2_72|GH13D1
GC855__contig_1_374|GH13D1
GC857__contig_1_374|GH13D1
GC2459__contig_4_130|GH13D1
GC2484__contig_1_91|GH13D1
GC2517__contig_6_38|GH13D1
GC2529__contig_1_298|GH13D1
GC2538__contig_6_92|GH13D1
GC2540__contig_5_185|GH13D1
GC2670__contig_3_171|GH13D1
GC2286__contig_5_93|GH13D1
GC859__contig_1_753|GH13D1
GC863__contig_1_752|GH13D1
GC2671__contig_1_347|GH13D1
GC2686__contig_1_321|GH13D1
GC2688__contig_1_154|GH13D1
GC3173__contig_1_142|GH13D1
GC3176__contig_1_274|GH13D1
GC3180__contig_1_361|GH13D1
GC3181__contig_1_360|GH13D1
GC3197__contig_2_74|GH13D1
GC3198__contig_3_74|GH13D1
GC612__contig_1_1116|GH13D1
GC641__contig_1_1157|GH13D1
GC733__contig_1_322|GH13D1
GC735__contig_1_322|GH13D1
GC736__contig_1_322|GH13D1
GC737__contig_1_340|GH13D1
GC749__contig_1_322|GH13D1
GC808__contig_1_322|GH13D1
GC809__contig_1_322|GH13D1
GC810__contig_1_340|GH13D1
GC814__contig_1_322|GH13D1
GC815__contig_1_340|GH13D1
GC816__contig_1_340|GH13D1
GC817__contig_1_322|GH13D1
GC819__contig_1_322|GH13D1
GC821__contig_1_322|GH13D1
GC1100__contig_2_166|GH13D1
GC2505__contig_1_312|GH13D1
GC2512__contig_1_157|GH13D1
GC583__contig_1_158|GH13D1
GC586__contig_1_154|GH13D1
GC607__contig_2_159|GH13D1
GC632__contig_1_657|GH13D1
GC669__contig_1_154|GH13D1
GC1061__contig_2_158|GH13D1
GC914__contig_2_164|GH13D1
GC941__contig_2_163|GH13D1
GC2502__contig_1_255|GH13D1
GC2539__contig_1_257|GH13D1
GC609__contig_1_159|GH13D1
GC622__contig_1_448|GH13D1
GC657__contig_1_447|GH13D1
GC659__contig_1_159|GH13D1
GC663__contig_1_623|GH13D1
GC666__contig_1_158|GH13D1
GC725__contig_1_158|GH13D1
GC854__contig_1_312|GH13D1
GC855__contig_1_758|GH13D1
GC857__contig_1_758|GH13D1
GC2459__contig_7_74|GH13D1
GC2484__contig_2_297|GH13D1
GC2517__contig_3_73|GH13D1
GC2529__contig_3_73|GH13D1
GC2538__contig_3_156|GH13D1
GC2540__contig_3_15|GH13D1
GC2670__contig_2_74|GH13D1
GC2286__contig_1_156|GH13D1
GC3180__contig_6_34|GH13F1
GC3181__contig_7_34|GH13F1
GC586__contig_8_38|GH13F1
GC669__contig_8_23|GH13F1
GC663__contig_8_23|GH13F1
GC96__contig_1_1523|GH13F1
GC2505__contig_5_32|GH13F1
GC2512__contig_5_34|GH13F1
GC2539__contig_10_37|GH13F1
AM1522__contig_27_3|GH13F1
GC857__contig_7_3|GH13F1
GC859__contig_7_50|GH13F1
GC863__contig_7_50|GH13F1
GC133__contig_8_3|GH13F1
GC134__contig_9_3|GH13F1
GC2454__contig_17_3|GH13F1
GC2454__contig_24_3|GH13F1
GC2463__contig_12_3|GH13F1
GC2463__contig_12_45|GH13F1
GC2474__contig_16_4|GH13F1
GC2474__contig_19_13|GH13F1
GC2477__contig_1_3|GH13F1
GC2479__contig_16_4|GH13F1
GC2479__contig_16_47|GH13F1
GC2494__contig_121_3|GH13F1
GC2494__contig_20_3|GH13F1
GC2496__contig_11_4|GH13F1
GC2496__contig_11_48|GH13F1
GC2504__contig_10_3|GH13F1
GC2504__contig_10_46|GH13F1
GC2508__contig_14_4|GH13F1
GC2508__contig_14_46|GH13F1
GC2510__contig_4_3|GH13F1
GC2510__contig_4_46|GH13F1
GC2516__contig_12_3|GH13F1
GC2516__contig_12_45|GH13F1
GC2527__contig_4_3|GH13F1
GC2527__contig_4_46|GH13F1
GC2528__contig_14_3|GH13F1
GC2528__contig_14_46|GH13F1
GC3184__contig_9_3|GH13F1
GC3191__contig_12_3|GH13F1
GC328__contig_9_3|GH13F1
GC398__contig_8_63|GH13F1
GC399__contig_8_63|GH13F1
GC400__contig_8_3|GH13F1
GC462__contig_8_3|GH13F1
GC681__contig_8_3|GH13F1
GC710__contig_8_3|GH13F1
GC751__contig_19_39|GH13F1
GC751__contig_32_4|GH13F1
GC783__contig_19_3|GH13F1
GC783__contig_32_2|GH13F1
GC798__contig_11_61|GH13F1
GC899__contig_11_61|GH13F1
GC900__contig_31_3|GH13F1
GC944__contig_18_44|GH13F1
GC944__contig_34_2|GH13F1
AM1328__contig_28_21|GH13F1
AM1493__contig_20_21|GH13F1
SP351__contig_21_22|GH13F1
GC2670__contig_9_45|GH13F1
GC2671__contig_4_3|GH13F1
GC2686__contig_8_3|GH13F1
GC2688__contig_8_53|GH13F1
GC3173__contig_8_3|GH13F1
GC3176__contig_10_3|GH13F1
GC3180__contig_6_3|GH13F1
GC3181__contig_7_3|GH13F1
GC3197__contig_13_47|GH13F1
GC3198__contig_20_3|GH13F1
GC612__contig_6_51|GH13F1
GC641__contig_5_54|GH13F1
GC733__contig_6_3|GH13F1
GC735__contig_7_3|GH13F1
GC736__contig_7_51|GH13F1
GC737__contig_5_51|GH13F1
GC749__contig_6_3|GH13F1
GC808__contig_8_51|GH13F1
GC809__contig_8_3|GH13F1
GC810__contig_7_51|GH13F1
GC814__contig_8_51|GH13F1
GC815__contig_8_51|GH13F1
GC816__contig_8_51|GH13F1
GC817__contig_8_3|GH13F1
GC819__contig_8_3|GH13F1
GC821__contig_8_3|GH13F1
GC96__contig_1_221|GH13F1
GC948__contig_10_3|GH13F1
GC583__contig_13_34|GH13F1
GC586__contig_8_3|GH13F1
GC607__contig_16_3|GH13F1
GC632__contig_12_3|GH13F1
GC669__contig_8_57|GH13F1
GC87__contig_1_2461|GH13F1
GC88__contig_1_2327|GH13F1
GC89__contig_1_177|GH13F1
GC90__contig_1_2524|GH13F1
GC91__contig_2_232|GH13F1
GC92__contig_4_181|GH13F1
GC93__contig_1_1208|GH13F1
GC94__contig_2_3|GH13F1
GC95__contig_3_3|GH13F1
GC2502__contig_15_34|GH13F1
GC2539__contig_20_13|GH13F1
GC609__contig_11_3|GH13F1
GC622__contig_10_49|GH13F1
GC657__contig_10_3|GH13F1
GC659__contig_9_3|GH13F1
GC663__contig_8_57|GH13F1
GC666__contig_10_3|GH13F1
GC725__contig_11_34|GH13F1
GC854__contig_7_3|GH13F1
GC855__contig_7_50|GH13F1
GC2286__contig_8_3|GH13F1
GC2459__contig_17_15|GH13F1
GC2484__contig_8_41|GH13F1
GC2517__contig_10_52|GH13F1
GC2529__contig_8_52|GH13F1
GC2538__contig_10_3|GH13F1
GC2540__contig_9_49|GH13F1
GC2397__contig_1_133|GH13J
GC2403__contig_16_5|GH13J
GC2408__contig_1_129|GH13J
GC2470__contig_14_52|GH13J
GC2475__contig_1_32|GH13J
GC2491__contig_3_129|GH13J
GC2492__contig_1_178|GH13J
GC2503__contig_1_129|GH13J
GC2523__contig_2_245|GH13J
GC2524__contig_4_5|GH13J
GC87__contig_1_1010|GH13J
GC88__contig_1_1264|GH13J
GC89__contig_1_1264|GH13J
GC90__contig_1_1088|GH13J
GC91__contig_1_490|GH13J
GC92__contig_1_2|GH13J
GC93__contig_1_148|GH13J
GC94__contig_2_1065|GH13J
GC95__contig_2_146|GH13J
GC133__contig_5_63|GH13J
GC134__contig_4_63|GH13J
GC2454__contig_5_73|GH13J
GC2463__contig_9_16|GH13J
GC2474__contig_5_73|GH13J
GC2477__contig_4_116|GH13J
GC2479__contig_8_14|GH13J
GC2494__contig_11_9|GH13J
GC2496__contig_6_70|GH13J
GC2504__contig_2_75|GH13J
GC2508__contig_5_73|GH13J
GC2510__contig_6_67|GH13J
GC2516__contig_1_503|GH13J
GC2527__contig_5_64|GH13J
GC2528__contig_9_64|GH13J
GC3184__contig_1_65|GH13J
GC3191__contig_1_65|GH13J
GC328__contig_4_63|GH13J
GC398__contig_6_59|GH13J
GC399__contig_6_59|GH13J
GC400__contig_6_62|GH13J
GC462__contig_6_59|GH13J
GC681__contig_6_59|GH13J
GC710__contig_6_59|GH13J
GC751__contig_11_3|GH13J
GC783__contig_11_76|GH13J
GC798__contig_9_65|GH13J
GC899__contig_9_26|GH13J
GC900__contig_11_3|GH13J
GC944__contig_13_60|GH13J
AM1328__contig_3_68|GH13J
AM1493__contig_1_83|GH13J
AM1522__contig_1_70|GH13J
SP351__contig_7_19|GH13J
GC96__contig_1_1185|GH13J
GC2505__contig_8_1|GH13F2
GC1100__contig_14_1|GH13F2
GC1061__contig_17_1|GH13F2
GC1100__contig_12_13|GH13F2
GC1061__contig_14_13|GH13F2
GC2459__contig_8_12|GH13E2
GC2484__contig_7_45|GH13E2
GC2517__contig_9_12|GH13E2
GC2529__contig_7_43|GH13E2
GC2538__contig_9_12|GH13E2
GC2540__contig_7_12|GH13E2
GC2286__contig_7_12|GH13E2
GC663__contig_9_12|GH13E2
GC89__contig_1_657|GH13D2
GC93__contig_1_755|GH13D2
GC94__contig_2_458|GH13D2
GC96__contig_1_32|GH13E3
GC2539__contig_1_18|GH13E3
GC87__contig_1_1799|GH20A1
GC88__contig_1_475|GH20A1
GC89__contig_1_2054|GH20A1
GC90__contig_1_1821|GH20A1
GC91__contig_3_300|GH20A1
GC92__contig_2_223|GH20A1
GC93__contig_2_474|GH20A1
GC94__contig_1_660|GH20A1
GC95__contig_1_644|GH20A1
GC2505__contig_5_29|GH20A1
GC2512__contig_5_37|GH20A1
GC2502__contig_11_34|GH20A1
GC87__contig_1_949|GH20A1
GC88__contig_1_1325|GH20A1
GC89__contig_1_1203|GH20A1
GC90__contig_1_1028|GH20A1
GC91__contig_1_549|GH20A1
GC92__contig_1_61|GH20A1
GC93__contig_1_209|GH20A1
GC94__contig_2_1004|GH20A1
GC95__contig_2_207|GH20A1
GC783__contig_1_144|GH20A1
GC899__contig_1_77|GH20A1
GC900__contig_1_133|GH20A1
GC944__contig_9_77|GH20A1
AM1493__contig_2_75|GH20A1
SP351__contig_19_10|GH20A1
GC133__contig_2_74|GH20A1
GC134__contig_2_234|GH20A1
GC2477__contig_5_64|GH20A1
GC2510__contig_1_75|GH20A1
GC2527__contig_7_75|GH20A1
GC3184__contig_6_88|GH20A1
GC3191__contig_6_21|GH20A1
GC328__contig_2_234|GH20A1
GC398__contig_3_76|GH20A1
GC399__contig_3_76|GH20A1
GC400__contig_3_76|GH20A1
GC462__contig_3_76|GH20A1
GC681__contig_3_76|GH20A1
GC710__contig_3_76|GH20A1
GC751__contig_1_73|GH20A1
GC914__contig_7_21|GH20A1
GC941__contig_7_21|GH20A1
GC2539__contig_10_40|GH20A1
AM1522__contig_6_85|GH20A1
AM1522__contig_2_104|GH20A1
GC2470__contig_32_2|GH20A1
GC2475__contig_13_39|GH20A1
GC2491__contig_10_39|GH20A1
GC2492__contig_13_39|GH20A1
GC2503__contig_10_39|GH20A1
GC2523__contig_9_51|GH20A1
GC2524__contig_8_2|GH20A1
GC2397__contig_14_3|GH20A1
GC2403__contig_13_3|GH20A1
GC2408__contig_11_3|GH20A1
GC96__contig_1_538|GH20A1
GC87__contig_1_1772|GH20A1
GC88__contig_1_502|GH20A1
GC89__contig_1_2027|GH20A1
GC90__contig_1_1793|GH20A1
GC91__contig_3_328|GH20A1
GC92__contig_2_251|GH20A1
GC93__contig_2_501|GH20A1
GC94__contig_1_687|GH20A1
GC95__contig_1_617|GH20A1
GC2454__contig_18_21|GH20A1
GC2463__contig_6_84|GH20A1
GC2474__contig_7_11|GH20A1
GC2479__contig_12_62|GH20A1
GC2494__contig_4_12|GH20A1
GC2496__contig_13_35|GH20A1
GC2504__contig_6_63|GH20A1
GC2508__contig_8_84|GH20A1
GC2516__contig_5_11|GH20A1
GC2528__contig_6_62|GH20A1
GC798__contig_8_12|GH20A1
AM1328__contig_7_73|GH20A1
GC2408__contig_1_230|GH20B
GC2470__contig_1_143|GH20B
GC2475__contig_1_132|GH20B
GC2491__contig_2_96|GH20B
GC2492__contig_1_78|GH20B
GC2503__contig_1_229|GH20B
GC2523__contig_2_144|GH20B
GC2524__contig_3_144|GH20B
GC2397__contig_1_32|GH20B
GC2403__contig_2_78|GH20B
GC2470__contig_18_30|GH20C
GC2475__contig_14_25|GH20C
GC2491__contig_12_25|GH20C
GC2492__contig_12_50|GH20C
GC2503__contig_7_25|GH20C
GC2523__contig_20_25|GH20C
GC2524__contig_19_12|GH20C
GC2397__contig_11_50|GH20C
GC2403__contig_14_25|GH20C
GC2408__contig_12_25|GH20C
GC2408__contig_3_122|GH20D
GC2470__contig_2_107|GH20D
GC2475__contig_2_107|GH20D
GC2491__contig_1_38|GH20D
GC2492__contig_2_38|GH20D
GC2503__contig_2_254|GH20D
GC2523__contig_1_25|GH20D
GC2524__contig_1_254|GH20D
GC2397__contig_10_35|GH20D
GC2403__contig_1_38|GH20D
AM1522__contig_22_30|GH20A2
GC2454__contig_30_6|GH20E
GC2688__contig_1_278|GH29B
GC948__contig_5_67|GH29B
GC2454__contig_49_2|GH29A2
GC2454__contig_34_4|GH29A2
GC2523__contig_13_6|GH29A3
GC2524__contig_12_43|GH29A3
GC2397__contig_15_6|GH29A3
GC2403__contig_15_43|GH29A3
GC2408__contig_27_14|GH29A3
GC2470__contig_12_14|GH29A3
GC2475__contig_22_23|GH29A3
GC2491__contig_21_23|GH29A3
GC2492__contig_17_23|GH29A3
GC2503__contig_11_6|GH29A3
GC87__contig_1_1790|GH29A1
GC88__contig_1_484|GH29A1
GC89__contig_1_2045|GH29A1
GC90__contig_1_1812|GH29A1
GC91__contig_3_309|GH29A1
GC92__contig_2_232|GH29A1
GC93__contig_2_483|GH29A1
GC94__contig_1_669|GH29A1
GC95__contig_1_635|GH29A1
GC2454__contig_16_17|GH29A1
GC2474__contig_2_224|GH29A1
GC2508__contig_4_62|GH29A1
GC2516__contig_13_30|GH29A1
AM1522__contig_6_99|GH29A1
GC2517__contig_8_16|GH29A1
GC87__contig_1_1771|GH29A1
GC88__contig_1_503|GH29A1
GC89__contig_1_2026|GH29A1
GC90__contig_1_1792|GH29A1
GC91__contig_3_329|GH29A1
GC92__contig_2_252|GH29A1
GC93__contig_2_502|GH29A1
GC94__contig_1_688|GH29A1
GC95__contig_1_616|GH29A1
GC2454__contig_75_2|GH33D
GC2454__contig_30_5|GH33C
AM1522__contig_4_32|GH33B2
GC96__contig_1_1938|GH33B1
AM1328__contig_10_57|GH33B1
GC90__contig_1_2327|GH33B1
GC91__contig_4_71|GH33B1
GC92__contig_7_91|GH33B1
GC2491__contig_13_28|GH33A3
GC2492__contig_15_29|GH33A3
GC2503__contig_12_16|GH33A3
GC2523__contig_14_28|GH33A3
GC2524__contig_13_28|GH33A3
GC2397__contig_17_20|GH33A3
GC2403__contig_17_16|GH33A3
GC2408__contig_13_28|GH33A3
GC2470__contig_15_16|GH33A3
GC2475__contig_15_16|GH33A3
GC2491__contig_13_27|GH33A2
GC2492__contig_15_28|GH33A2
GC2503__contig_12_17|GH33A2
GC2523__contig_14_27|GH33A2
GC2524__contig_13_27|GH33A2
GC2397__contig_17_19|GH33A2
GC2403__contig_17_17|GH33A2
GC2408__contig_13_27|GH33A2
GC2470__contig_15_17|GH33A2
GC2475__contig_15_17|GH33A2
AM1522__contig_6_90|GH33A1
GC96__contig_1_1571|GH42A1
GC87__contig_1_584|GH42A1
GC88__contig_1_1690|GH42A1
GC89__contig_1_838|GH42A1
GC90__contig_1_662|GH42A1
GC91__contig_1_915|GH42A1
GC92__contig_1_428|GH42A1
GC93__contig_1_574|GH42A1
GC94__contig_2_639|GH42A1
GC95__contig_2_556|GH42A1
GC133__contig_9_24|GH42A1
GC134__contig_10_24|GH42A1
GC2454__contig_19_2|GH42A1
GC2463__contig_5_2|GH42A1
GC2474__contig_17_2|GH42A1
GC2477__contig_1_501|GH42A1
GC2479__contig_6_157|GH42A1
GC2494__contig_104_1|GH42A1
GC2496__contig_4_2|GH42A1
GC2504__contig_4_199|GH42A1
GC2508__contig_9_71|GH42A1
GC2510__contig_3_299|GH42A1
GC2516__contig_8_71|GH42A1
GC2527__contig_1_299|GH42A1
GC2528__contig_20_27|GH42A1
GC3184__contig_2_71|GH42A1
GC3191__contig_3_71|GH42A1
GC328__contig_10_43|GH42A1
GC398__contig_7_19|GH42A1
GC399__contig_7_19|GH42A1
GC400__contig_7_67|GH42A1
GC462__contig_7_19|GH42A1
GC681__contig_7_19|GH42A1
GC710__contig_7_67|GH42A1
GC751__contig_10_3|GH42A1
GC783__contig_10_70|GH42A1
GC798__contig_2_95|GH42A1
GC899__contig_3_95|GH42A1
GC900__contig_2_95|GH42A1
GC944__contig_4_129|GH42A1
AM1328__contig_8_46|GH42A1
AM1493__contig_18_21|GH42A1
AM1522__contig_7_49|GH42A1
SP351__contig_2_95|GH42A1
GC2397__contig_15_2|GH42A1
GC2403__contig_15_47|GH42A1
GC2408__contig_27_10|GH42A1
GC2470__contig_12_10|GH42A1
GC2475__contig_22_27|GH42A1
GC2491__contig_21_27|GH42A1
GC2492__contig_17_27|GH42A1
GC2503__contig_11_2|GH42A1
GC2523__contig_13_2|GH42A1
GC2524__contig_12_47|GH42A1
GC1100__contig_4_152|GH42A1
GC2505__contig_1_150|GH42A1
GC2512__contig_1_319|GH42A1
GC1061__contig_4_152|GH42A1
GC914__contig_1_782|GH42A1
GC941__contig_1_781|GH42A1
GC2502__contig_1_94|GH42A1
GC2539__contig_8_63|GH42A1
GC87__contig_1_133|GH42A1
GC88__contig_1_2142|GH42A1
GC89__contig_1_362|GH42A1
GC90__contig_1_147|GH42A1
GC91__contig_2_33|GH42A1
GC92__contig_5_16|GH42A1
GC93__contig_1_1024|GH42A1
GC94__contig_2_188|GH42A1
GC95__contig_3_188|GH42A1
GC2688__contig_1_283|GH42A1
GC817__contig_8_40|GH42A1
GC819__contig_8_40|GH42A1
GC821__contig_8_40|GH42A1
GC948__contig_2_78|GH42A1
GC583__contig_15_2|GH42A1
GC586__contig_8_47|GH42A1
GC607__contig_14_14|GH42A1
GC632__contig_14_2|GH42A1
GC669__contig_8_14|GH42A1
GC609__contig_11_39|GH42A1
GC622__contig_10_14|GH42A1
GC657__contig_10_38|GH42A1
GC659__contig_9_39|GH42A1
GC663__contig_8_14|GH42A1
GC666__contig_10_39|GH42A1
GC725__contig_13_2|GH42A1
GC854__contig_7_39|GH42A1
GC855__contig_7_14|GH42A1
GC859__contig_7_14|GH42A1
GC863__contig_7_14|GH42A1
GC2671__contig_4_48|GH42A1
GC3173__contig_8_35|GH42A1
GC3176__contig_10_35|GH42A1
GC3180__contig_6_42|GH42A1
GC3181__contig_7_42|GH42A1
GC3197__contig_13_15|GH42A1
GC3198__contig_24_16|GH42A1
GC612__contig_6_14|GH42A1
GC641__contig_5_15|GH42A1
GC733__contig_6_40|GH42A1
GC735__contig_7_40|GH42A1
GC736__contig_7_14|GH42A1
GC737__contig_5_14|GH42A1
GC749__contig_6_40|GH42A1
GC808__contig_8_14|GH42A1
GC809__contig_8_40|GH42A1
GC810__contig_7_14|GH42A1
GC814__contig_8_14|GH42A1
GC815__contig_8_14|GH42A1
GC816__contig_8_14|GH42A1
GC1100__contig_5_1|GH42A1
GC1061__contig_6_104|GH42A1
GC914__contig_4_1|GH42A1
GC941__contig_4_1|GH42A1
GC819__contig_4_11|GH42A1
GC821__contig_4_104|GH42A1
GC2512__contig_3_91|GH42A1
GC948__contig_9_25|GH42A1
GC583__contig_5_27|GH42A1
GC586__contig_5_140|GH42A1
GC607__contig_7_27|GH42A1
GC632__contig_5_27|GH42A1
GC669__contig_5_140|GH42A1
GC609__contig_4_27|GH42A1
GC622__contig_2_219|GH42A1
GC657__contig_2_221|GH42A1
GC659__contig_4_82|GH42A1
GC663__contig_5_11|GH42A1
GC666__contig_5_82|GH42A1
GC725__contig_4_82|GH42A1
GC854__contig_4_122|GH42A1
GC855__contig_3_11|GH42A1
GC857__contig_3_122|GH42A1
GC859__contig_3_11|GH42A1
GC863__contig_3_11|GH42A1
GC2529__contig_5_82|GH42A1
GC2538__contig_7_16|GH42A1
GC2671__contig_3_11|GH42A1
GC2688__contig_4_95|GH42A1
GC3176__contig_12_13|GH42A1
GC3180__contig_3_95|GH42A1
GC3181__contig_9_15|GH42A1
GC3197__contig_18_13|GH42A1
GC3198__contig_4_12|GH42A1
GC612__contig_3_99|GH42A1
GC733__contig_4_104|GH42A1
GC735__contig_4_104|GH42A1
GC736__contig_4_11|GH42A1
GC737__contig_3_104|GH42A1
GC749__contig_4_11|GH42A1
GC808__contig_4_11|GH42A1
GC809__contig_4_104|GH42A1
GC810__contig_4_104|GH42A1
GC814__contig_4_11|GH42A1
GC815__contig_4_11|GH42A1
GC816__contig_4_104|GH42A1
GC817__contig_4_104|GH42A1
GC2286__contig_4_82|GH42A1
GC2517__contig_5_82|GH42A1
GC96__contig_1_1674|GH42A1
GC133__contig_1_43|GH42A1
GC134__contig_1_44|GH42A1
GC2454__contig_7_57|GH42A1
GC2463__contig_8_39|GH42A1
GC2474__contig_8_57|GH42A1
GC2477__contig_1_394|GH42A1
GC2479__contig_2_172|GH42A1
GC2494__contig_3_47|GH42A1
GC2496__contig_5_61|GH42A1
GC2504__contig_1_417|GH42A1
GC2508__contig_4_142|GH42A1
GC2510__contig_5_26|GH42A1
GC2516__contig_7_39|GH42A1
GC2527__contig_11_20|GH42A1
GC2528__contig_11_58|GH42A1
GC3184__contig_5_186|GH42A1
GC3191__contig_2_81|GH42A1
GC328__contig_1_44|GH42A1
GC751__contig_7_48|GH42A1
GC783__contig_7_30|GH42A1
AM1328__contig_16_29|GH42A1
AM1493__contig_10_8|GH42A1
SP351__contig_2_21|GH42A1
GC87__contig_1_2056|GH42A1
GC88__contig_1_219|GH42A1
GC89__contig_1_2310|GH42A1
GC93__contig_2_218|GH42A1
GC94__contig_1_404|GH42A1
GC95__contig_1_901|GH42A1
GC2529__contig_1_610|GH42A1
GC2538__contig_2_56|GH42A1
GC2540__contig_3_136|GH42A1
GC2286__contig_1_284|GH42A1
GC2459__contig_5_104|GH42A1
GC2484__contig_1_349|GH42A1
GC2517__contig_2_267|GH42A1
GC948__contig_5_61|GH42A1
GC641__contig_2_82|GH42A1
GC90__contig_1_2141|GH42A1
GC91__contig_4_264|GH42A1
GC92__contig_6_95|GH42A1
GC2505__contig_3_94|GH42A1
GC2502__contig_3_142|GH42A1
GC2539__contig_5_66|GH42A1
GC398__contig_2_8|GH42A1
GC399__contig_14_10|GH42A1
GC400__contig_14_7|GH42A1
GC462__contig_14_7|GH42A1
GC681__contig_2_7|GH42A1
GC710__contig_14_10|GH42A1
GC798__contig_7_2|GH42A1
GC899__contig_8_2|GH42A1
GC900__contig_8_99|GH42A1
GC944__contig_19_12|GH42A1
GC87__contig_1_2212|GH42B
GC88__contig_1_63|GH42B
GC89__contig_2_132|GH42B
GC90__contig_1_2271|GH42B
GC91__contig_4_127|GH42B
GC92__contig_7_35|GH42B
GC93__contig_2_63|GH42B
GC94__contig_1_249|GH42B
GC95__contig_1_1058|GH42B
GC819__contig_2_348|GH42C
GC821__contig_2_26|GH42C
GC1100__contig_7_24|GH42C
GC948__contig_1_464|GH42C
GC583__contig_4_25|GH42C
GC586__contig_7_26|GH42C
GC607__contig_5_25|GH42C
GC632__contig_2_25|GH42C
GC669__contig_7_26|GH42C
GC1061__contig_8_24|GH42C
GC914__contig_1_24|GH42C
GC941__contig_1_24|GH42C
GC2539__contig_9_33|GH42C
GC609__contig_10_25|GH42C
GC622__contig_2_25|GH42C
GC657__contig_2_25|GH42C
GC659__contig_2_25|GH42C
GC663__contig_7_36|GH42C
GC666__contig_2_242|GH42C
GC725__contig_2_25|GH42C
GC854__contig_1_651|GH42C
GC855__contig_5_25|GH42C
GC857__contig_4_25|GH42C
GC859__contig_5_39|GH42C
GC863__contig_5_39|GH42C
GC2540__contig_12_10|GH42C
GC2670__contig_10_25|GH42C
GC2671__contig_7_22|GH42C
GC2686__contig_9_18|GH42C
GC2688__contig_9_18|GH42C
GC3176__contig_9_23|GH42C
GC3180__contig_7_30|GH42C
GC3181__contig_8_23|GH42C
GC3197__contig_12_30|GH42C
GC3198__contig_9_23|GH42C
GC612__contig_1_27|GH42C
GC641__contig_1_28|GH42C
GC733__contig_8_26|GH42C
GC735__contig_2_348|GH42C
GC736__contig_2_26|GH42C
GC737__contig_2_347|GH42C
GC749__contig_2_347|GH42C
GC808__contig_2_348|GH42C
GC809__contig_2_26|GH42C
GC810__contig_2_347|GH42C
GC814__contig_2_26|GH42C
GC815__contig_2_26|GH42C
GC816__contig_2_346|GH42C
GC817__contig_2_26|GH42C
GC2459__contig_13_25|GH42C
GC2484__contig_11_25|GH42C
GC819__contig_1_198|GH42A3
GC821__contig_1_198|GH42A3
GC583__contig_1_282|GH42A3
GC586__contig_1_278|GH42A3
GC632__contig_1_533|GH42A3
GC669__contig_1_278|GH42A3
GC609__contig_1_283|GH42A3
GC622__contig_1_324|GH42A3
GC657__contig_1_323|GH42A3
GC659__contig_1_283|GH42A3
GC663__contig_1_499|GH42A3
GC666__contig_1_282|GH42A3
GC725__contig_1_282|GH42A3
GC854__contig_1_190|GH42A3
GC855__contig_1_636|GH42A3
GC857__contig_1_636|GH42A3
GC859__contig_1_630|GH42A3
GC863__contig_1_630|GH42A3
GC733__contig_1_198|GH42A3
GC735__contig_1_198|GH42A3
GC736__contig_1_198|GH42A3
GC737__contig_1_464|GH42A3
GC749__contig_1_198|GH42A3
GC808__contig_1_198|GH42A3
GC809__contig_1_198|GH42A3
GC810__contig_1_464|GH42A3
GC814__contig_1_198|GH42A3
GC815__contig_1_464|GH42A3
GC816__contig_1_464|GH42A3
GC817__contig_1_198|GH42A3
GC607__contig_1_539|GH42A3
GC2670__contig_4_121|GH42A3
GC2686__contig_1_208|GH42A3
GC612__contig_1_995|GH42A3
AM1522__contig_10_3|GH42A5
GC89__contig_1_843|GH42A2
GC93__contig_1_569|GH42A2
GC94__contig_2_644|GH42A2
GC87__contig_1_589|GH42A2
GC88__contig_1_1685|GH42A2
GC95__contig_2_551|GH42A2
GC90__contig_1_666|GH42A6
GC91__contig_1_911|GH42A6
GC92__contig_1_424|GH42A6
GC2540__contig_4_98|GH42A4
GC2670__contig_5_93|GH42A4
GC2686__contig_4_11|GH42A4
GC3173__contig_4_53|GH42A4
GC2459__contig_3_98|GH42A4
GC2484__contig_4_58|GH42A4
GC87__contig_1_2230|GH42A4
GC88__contig_1_45|GH42A4
GC89__contig_2_150|GH42A4
GC93__contig_2_45|GH42A4
GC94__contig_1_231|GH42A4
GC95__contig_1_1076|GH42A4
GC90__contig_1_2288|GH42A4
GC91__contig_4_110|GH42A4
GC92__contig_7_52|GH42A4
GC87__contig_1_2361|GH42A4
GC88__contig_1_2427|GH42A4
GC89__contig_1_71|GH42A4
GC93__contig_1_1310|GH42A4
GC94__contig_1_100|GH42A4
GC95__contig_1_1205|GH42A4
GC2459__contig_14_18|GH95A2
GC2484__contig_8_10|GH95A2
GC2540__contig_9_18|GH95A2
GC2670__contig_9_16|GH95A2
GC2686__contig_8_37|GH95A2
GC2688__contig_8_9|GH95A2
GC2286__contig_8_35|GH95A2
GC2517__contig_10_20|GH95A2
GC2529__contig_8_20|GH95A2
GC2538__contig_10_35|GH95A2
AM1522__contig_6_100|GH95A1
GC96__contig_1_762|GH95A1
GC2454__contig_16_18|GH95A1
GC2474__contig_2_225|GH95A1
GC2508__contig_4_63|GH95A1
GC2516__contig_13_31|GH95A1
GC2397__contig_22_13|GH95B
GC2403__contig_21_13|GH95B
GC2408__contig_17_20|GH95B
GC2470__contig_11_20|GH95B
GC2475__contig_19_20|GH95B
GC2491__contig_18_20|GH95B
GC2492__contig_11_20|GH95B
GC2503__contig_16_13|GH95B
GC2523__contig_18_13|GH95B
GC2524__contig_17_20|GH95B
GC2475__contig_36_12|GH112A2
GC2491__contig_5_12|GH112A1
GC2492__contig_4_80|GH112A1
GC2503__contig_4_26|GH112A1
GC2523__contig_4_80|GH112A1
GC2524__contig_5_80|GH112A1
GC96__contig_1_508|GH112A1
GC2397__contig_24_26|GH112A1
GC2403__contig_3_26|GH112A1
GC2408__contig_22_8|GH112A1
GC2470__contig_4_80|GH112A1
GC2491__contig_2_59|GH112A1
GC2492__contig_1_115|GH112A1
GC2503__contig_1_192|GH112A1
GC2523__contig_2_182|GH112A1
GC2524__contig_3_181|GH112A1
GC87__contig_1_1785|GH112A1
GC88__contig_1_489|GH112A1
GC89__contig_1_2040|GH112A1
GC90__contig_1_1806|GH112A1
GC91__contig_3_315|GH112A1
GC92__contig_2_238|GH112A1
GC93__contig_2_488|GH112A1
GC94__contig_1_674|GH112A1
GC95__contig_1_630|GH112A1
GC133__contig_7_35|GH112A1
GC134__contig_7_72|GH112A1
GC2454__contig_2_131|GH112A1
GC2463__contig_1_130|GH112A1
GC2474__contig_3_131|GH112A1
GC2477__contig_3_167|GH112A1
GC2479__contig_5_86|GH112A1
GC2494__contig_115_4|GH112A1
GC2496__contig_1_200|GH112A1
GC2504__contig_3_132|GH112A1
GC2508__contig_2_86|GH112A1
GC2510__contig_1_296|GH112A1
GC2516__contig_2_86|GH112A1
GC2527__contig_3_201|GH112A1
GC2528__contig_1_157|GH112A1
GC3184__contig_4_150|GH112A1
GC3191__contig_4_148|GH112A1
GC328__contig_7_71|GH112A1
GC398__contig_9_11|GH112A1
GC399__contig_9_11|GH112A1
GC400__contig_9_11|GH112A1
GC462__contig_9_11|GH112A1
GC681__contig_9_11|GH112A1
GC710__contig_9_11|GH112A1
GC751__contig_5_99|GH112A1
GC783__contig_5_34|GH112A1
GC798__contig_1_100|GH112A1
GC899__contig_2_114|GH112A1
GC900__contig_3_114|GH112A1
GC944__contig_1_12|GH112A1
AM1328__contig_6_11|GH112A1
AM1493__contig_12_5|GH112A1
AM1522__contig_10_50|GH112A1
SP351__contig_4_65|GH112A1
GC2397__contig_1_69|GH112A1
GC2403__contig_2_116|GH112A1
GC2408__contig_1_192|GH112A1
GC2470__contig_1_180|GH112A1
GC2475__contig_1_95|GH112A1
GC2454__contig_3_14|GH136B
GC2474__contig_1_14|GH136B
GC2508__contig_1_71|GH136B
GC2516__contig_1_14|GH136B
GC2397__contig_28_1|GH136A2
GC2470__contig_27_1|GH136A2
GC2503__contig_23_13|GH136A2
GC2523__contig_29_1|GH136A2
GC2524__contig_25_1|GH136A2
GC2403__contig_29_1|GH136A2
GC2475__contig_30_9|GH136A2
GC2491__contig_28_9|GH136A2
GC2492__contig_27_9|GH136A2
GC944__contig_1_123|GH136A3
GC3184__contig_4_22|GH136A3
GC3191__contig_4_20|GH136A3
AM1493__contig_13_47|GH136A3
GC751__contig_1_186|GH136A3
GC783__contig_1_31|GH136A3
GC2408__contig_18_10|GH136A1
